CampaignID,PromotionID,Channel,Cost,Impressions,Clicks,Conversions
1,9,YouTube,167832.98,482218,21610,3792
2,31,SMS,116317.64,97480,21823,1315
3,145,YouTube,164428.15,192192,1434,428
4,118,Facebook,45174.78,413562,9935,1987
5,108,Instagram,185771.33,311725,21480,1686
6,22,YouTube,35745.37,152077,20780,1736
7,32,Instagram,85574.97,448776,23007,1124
8,86,Facebook,243958.18,314599,13033,1079
9,9,Affiliate,130313.18,339945,11117,2070
10,1,SMS,106307.93,351454,19337,4256
11,129,YouTube,188137.54,358336,840,193
12,29,Google Ads,52502.74,115165,19055,1091
13,6,Facebook,59767.32,475325,21008,1252
14,47,YouTube,87542.27,418417,14491,3739
15,29,YouTube,133043.54,82767,7151,1312
16,128,Instagram,2513.96,404058,5498,295
17,91,YouTube,248700.96,122880,24728,4509
18,78,Facebook,220793.31,41855,11574,3828
19,54,Email,228250.49,184354,17594,665
20,96,Instagram,194607.54,449053,837,433
21,123,Email,130677.59,375258,24578,3091
22,97,SMS,199733.66,79783,23685,2507
23,123,YouTube,156353.82,452765,10069,3768
24,91,SMS,89844.0,424026,19055,4624
25,60,YouTube,161352.3,80930,82393,972
26,60,Instagram,179071.52,76267,79931,2193
27,62,Affiliate,48759.04,366415,368915,854
28,75,Email,27330.49,78714,83126,1659
29,80,Affiliate,233406.48,177618,182376,2028
30,23,Instagram,155966.32,77801,82506,4425
31,56,Facebook,46292.82,458303,462075,4003
32,93,SMS,86961.55,272916,276317,3095
33,1,Instagram,76304.69,30474,30712,527
34,106,Google Ads,134512.44,142388,144887,2545
35,28,SMS,137532.18,499047,501153,3413
36,80,SMS,173405.7,497416,498930,3881
37,114,Google Ads,31196.49,437553,440653,2116
38,24,Instagram,59553.68,198558,202639,103
39,87,Email,182233.49,323842,324294,968
40,104,YouTube,19772.81,7903,11412,1021
41,144,SMS,35005.9,443186,446435,938
42,78,Affiliate,131558.77,191088,193990,2532
43,118,Affiliate,48764.94,352818,354797,4494
44,39,Affiliate,219904.86,264710,268713,1350
45,75,Instagram,216058.62,195678,198413,4090
46,8,SMS,77805.19,270900,275389,4816
47,108,Google Ads,133453.93,383906,385942,61
48,101,Instagram,141042.2,390301,390713,656
49,12,Facebook,226370.49,227418,231359,1744
50,59,YouTube,77242.8,472999,22683,4968
51,115,YouTube,241363.43,170287,13734,4608
52,67,YouTube,51050.04,19633,12035,4137
53,150,Facebook,235257.38,398964,16839,926
54,61,YouTube,210212.69,246434,8223,621
55,38,Google Ads,118312.9,329652,24157,1237
56,130,Google Ads,110789.42,40303,2382,346
57,61,SMS,39720.77,405912,10150,3482
58,92,Facebook,183664.41,260133,8727,2797
59,56,Google Ads,208018.07,115072,12274,908
60,126,YouTube,236625.82,178758,14726,14870
61,39,SMS,233209.13,5248,21631,21779
62,148,Google Ads,63926.95,273567,5850,5906
63,88,Affiliate,219461.68,7113,17439,17722
64,66,Instagram,163322.78,242273,1598,1691
65,6,SMS,233087.47,287474,17940,18023
66,86,SMS,213169.36,92407,6524,6812
67,75,SMS,141823.05,222045,15192,15344
68,87,Email,182671.5,165433,22009,22100
69,45,Facebook,186855.39,242930,15737,15885
70,61,YouTube,44263.95,5807,21168,21350
71,125,Facebook,162702.48,450653,19311,19536
72,143,Email,234624.68,249743,9037,9255
73,1,Facebook,209747.41,44698,2824,2878
74,150,Email,84801.95,46498,10263,10524
75,139,Affiliate,215503.78,299263,20337,3095
76,123,SMS,64398.04,170375,5073,1240
77,54,Affiliate,56869.8,301460,3742,3195
78,39,Google Ads,224920.28,162528,10186,1753
79,110,SMS,115633.37,17170,12392,3029
80,36,Google Ads,-52708.05,239222,9570,572
81,49,Google Ads,-74557.95,332332,16476,4752
82,89,Facebook,-80512.66,260616,19773,2466
83,23,Google Ads,-70418.07,126303,17758,1722
84,60,Facebook,-64407.89,257056,20450,1265
85,101,Google Ads,-74921.84,262103,7422,2322
86,128,Instagram,-167070.33,87606,22483,2428
87,81,Affiliate,-209896.19,395329,20645,3348
88,38,Instagram,90162.21,32438,8030,4988
89,39,Facebook,107827.68,228911,5124,1602
90,6,Google Ads,228003.07,456125,6144,4791
91,68,Facebook,249678.95,32899,1368,1345
92,98,Affiliate,148513.78,365328,14915,1662
93,78,Email,73368.08,424165,8174,3658
94,4,Instagram,64602.54,225878,21320,3394
95,107,Instagram,93509.72,387352,2041,739
96,6,Email,228567.94,466911,21521,4962
97,70,Affiliate,24794.33,497099,7781,1261
98,106,Affiliate,108432.94,449262,3779,1378
99,80,Facebook,223681.36,454958,11539,2827
100,10,Affiliate,91275.15,224175,18118,2899
101,10,Google Ads,211876.39,270892,9098,1022
102,71,Facebook,7565.32,37543,21825,517
103,36,Facebook,37842.98,326974,14454,2913
104,18,YouTube,30944.62,400224,19646,4971
105,91,Facebook,212664.44,108686,17413,2563
106,136,Email,214376.09,5986,3608,3056
107,8,Affiliate,100988.42,71631,7117,3180
108,123,Email,225561.95,447331,23992,608
109,108,Affiliate,192603.52,298997,20498,1894
110,117,SMS,103634.12,465923,24157,4055
111,55,Facebook,235538.16,414499,14600,1053
112,140,Google Ads,15923.89,289181,7640,2953
113,145,Affiliate,115584.81,186084,5037,1089
114,98,Email,238921.18,169547,21774,4580
115,102,Email,10750.94,457756,16248,2891
116,87,Email,48818.41,99889,21983,4669
117,102,YouTube,166408.5,265234,22442,3971
118,75,Email,172534.74,289181,24471,2073
119,41,SMS,126198.92,371544,12589,449
120,43,Google Ads,19318.98,392445,1506,994
121,8,YouTube,168449.36,327214,20446,2817
122,111,Facebook,239435.79,474876,2397,2389
123,80,Google Ads,22868.68,416633,5674,2094
124,5,Affiliate,87671.81,355735,4917,2277
125,61,Affiliate,203352.13,263019,5954,1152
126,109,Affiliate,193662.68,246591,10866,22
127,128,Google Ads,12735.39,385521,5061,3955
128,112,Google Ads,56897.24,131047,16726,4528
129,80,Instagram,44767.57,238118,1427,89
130,131,Affiliate,35075.77,18754,21055,3826
131,138,Google Ads,210447.38,270351,777,420
132,140,Affiliate,227453.96,104271,1308,1138
133,35,Email,208425.24,308134,3539,585
134,71,Email,27758.09,400434,1104,916
135,22,Google Ads,22888.6,473162,2973,2167
136,115,Email,103102.07,63625,23468,27
137,16,Google Ads,123202.42,308709,16590,2490
138,69,Google Ads,200848.51,234539,17630,1891
139,28,Google Ads,11983.43,281860,11784,4987
140,108,Instagram,123503.92,442192,1264,613
141,2,Google Ads,39481.42,318355,24304,3554
142,108,Email,28793.66,33827,3313,1947
143,45,Instagram,87669.8,206329,20129,2602
144,120,Facebook,36938.93,450571,14661,2723
145,18,SMS,132317.34,265477,11853,1079
146,68,Instagram,218108.46,401837,8013,1076
147,125,Affiliate,123129.47,325629,6333,3081
148,118,SMS,55309.67,492163,19662,784
149,117,Affiliate,185392.39,297482,13269,4761
150,139,Email,79260.47,381587,5373,3843
151,70,Affiliate,187645.68,255551,9239,2934
152,79,SMS,94265.72,339695,23805,678
153,56,SMS,138038.23,470254,7798,4728
154,142,Affiliate,155852.37,7643,989,148
155,54,Facebook,44978.16,203272,18872,3935
156,74,Facebook,191130.55,164005,10850,2354
157,124,Instagram,238906.03,493207,5477,1494
158,18,YouTube,221766.38,219465,2909,1173
159,100,Affiliate,241329.46,134967,9039,967
160,79,SMS,102416.57,429310,19593,415
161,41,Facebook,246077.42,100101,6065,4876
162,18,Google Ads,24759.21,307940,6846,2006
163,137,Email,55008.88,176052,20478,2252
164,18,Facebook,137257.65,463991,11982,4459
165,3,Affiliate,101504.0,444658,19068,1237
166,109,Instagram,76313.86,25910,17358,2964
167,115,SMS,126267.85,94987,14638,333
168,63,Google Ads,47563.16,440552,24774,1103
169,5,Instagram,65037.34,428559,12843,3810
170,33,SMS,179663.89,337555,24913,3771
171,85,Email,101565.54,283021,17574,4880
172,1,Google Ads,127702.33,80994,3374,1040
173,118,SMS,91855.28,482827,19657,1120
174,126,Email,113510.1,154851,16951,405
175,51,Affiliate,228127.62,428552,20289,2462
176,34,SMS,210614.16,457411,23378,3557
177,11,Google Ads,35182.58,320663,24739,690
178,140,Facebook,236233.03,355776,12791,2364
179,148,Facebook,77964.29,204138,23693,4858
180,15,Google Ads,213780.83,321652,20151,1594
181,88,SMS,127373.38,93475,15554,2232
182,22,Email,174347.6,239240,2351,1937
183,146,Facebook,69295.32,213363,1914,399
184,55,Google Ads,166078.0,152741,8276,1848
185,78,Google Ads,73972.77,210027,15628,4558
186,145,Affiliate,236873.75,451354,17327,114
187,102,Instagram,245663.08,177239,17007,3937
188,43,Google Ads,114796.97,96102,12959,460
189,52,Instagram,30815.7,234442,14815,4500
190,142,Affiliate,12173.3,495455,24464,4378
191,33,Google Ads,126936.82,317252,14547,2321
192,149,Instagram,114346.25,178313,2478,1284
193,35,SMS,181797.87,203469,13204,4543
194,51,Facebook,128834.36,466387,21428,2852
195,19,Facebook,103975.82,293815,20477,1894
196,122,Facebook,39807.38,135375,17077,3763
197,149,SMS,143806.95,366694,6123,2907
198,131,Affiliate,210292.46,119612,8284,4208
199,75,Email,40358.82,347656,8001,3362
200,139,YouTube,158561.66,357821,4501,343
201,37,Email,63497.5,404127,10894,2229
202,148,Facebook,171546.72,375659,12417,2606
203,115,Facebook,81650.15,126148,24146,4652
204,120,Google Ads,162311.32,463007,17302,871
205,50,Google Ads,146789.44,90072,8377,4785
206,71,Google Ads,246980.61,180671,912,789
207,137,SMS,224689.76,32517,23334,2221
208,100,Google Ads,197591.63,261046,9709,2623
209,105,Google Ads,122537.05,115920,4711,3314
210,41,YouTube,160186.14,105992,20006,2257
211,116,SMS,79723.3,94153,10773,1649
212,56,Facebook,164960.53,287559,2556,2136
213,104,Google Ads,117156.79,330822,20752,2433
214,52,Facebook,104996.21,23150,4186,2046
215,79,Instagram,23770.39,313418,5635,4292
216,58,Email,46257.24,140057,23915,1639
217,72,Facebook,84275.03,364962,12546,311
218,20,Facebook,114078.38,301006,14607,4385
219,101,YouTube,53012.8,267311,7000,4289
220,22,YouTube,211706.12,227410,24706,3156
221,103,SMS,41851.38,280014,6520,2285
222,112,Email,21356.06,40326,802,373
223,1,Instagram,4448.28,335625,8320,830
224,91,YouTube,97341.93,240519,20181,1023
225,94,Google Ads,170130.59,224728,2384,426
226,62,Affiliate,151425.32,267228,18754,781
227,125,YouTube,223031.98,475724,4357,586
228,117,YouTube,46006.41,95221,20761,1323
229,37,Affiliate,130619.44,243716,15088,1169
230,71,Google Ads,53117.47,65341,17086,4132
231,7,Affiliate,43175.75,165184,18746,3863
232,103,Instagram,122007.5,328254,4047,820
233,47,Facebook,32027.5,491267,6544,3480
234,31,Email,17521.69,242189,23558,4644
235,79,Affiliate,95804.35,157483,4848,71
236,72,SMS,13375.37,218800,12546,2981
237,55,Google Ads,67298.27,234428,12763,2437
238,120,Affiliate,155754.77,104776,9512,4722
239,113,Google Ads,140531.53,99321,1861,24
240,19,Affiliate,226208.58,41566,15532,3072
241,25,Facebook,4469.16,128387,13526,3851
242,119,Google Ads,76553.77,143243,5182,4599
243,1,SMS,172107.56,143248,3291,1312
244,77,SMS,205134.9,284732,3549,923
245,63,SMS,135753.31,265455,3470,578
246,115,Instagram,36305.96,267198,22955,1292
247,48,SMS,233303.8,209639,2601,777
248,3,Instagram,163850.32,395344,5620,395
249,68,Email,19852.71,320796,9616,2395
250,75,YouTube,189010.79,72166,6331,483
251,62,Instagram,51575.56,281240,20762,3558
252,139,YouTube,225828.27,299220,11312,3372
253,141,Google Ads,243050.76,125945,3362,562
254,56,YouTube,137347.21,133090,4923,1541
255,102,SMS,242290.95,322064,6955,1725
256,132,Facebook,152199.49,497130,23815,309
257,119,Instagram,31767.09,152116,21341,1197
258,1,YouTube,166979.68,188780,14690,2134
259,58,Email,104485.28,5048,5342,592
260,105,Email,62074.62,48392,24868,4845
261,25,YouTube,29457.12,338312,12023,4586
262,24,Facebook,11453.87,42617,5055,4391
263,78,YouTube,216964.77,360626,9080,4819
264,108,Facebook,18426.36,348958,4820,1531
265,51,Affiliate,177782.06,188939,2129,205
266,1,YouTube,79300.93,207499,18121,1137
267,14,Facebook,109834.09,23155,1100,1039
268,62,Google Ads,13574.7,24197,18778,3292
269,66,Google Ads,108844.63,219152,7978,3562
270,101,YouTube,112890.32,109376,7058,3524
271,29,Google Ads,29652.64,451721,1454,1257
272,124,Google Ads,84524.23,294813,11878,2657
273,107,Email,64968.32,435169,21805,2134
274,66,Facebook,103625.96,134501,5863,1357
275,119,Instagram,76822.11,203234,17023,3835
276,39,YouTube,41837.76,269307,16346,3270
277,47,Affiliate,95182.46,46811,21217,554
278,144,SMS,104941.72,313446,10204,3526
279,27,Google Ads,84054.44,469147,593,475
280,21,Instagram,87245.37,157465,3996,1292
281,17,Facebook,76910.45,129562,13005,995
282,113,YouTube,213644.49,49566,6440,4444
283,23,Facebook,162232.87,481640,4333,3981
284,70,Affiliate,59979.32,345932,8261,1702
285,76,Instagram,77455.31,318656,17809,2929
286,15,Instagram,19047.33,179558,22827,4006
287,56,Facebook,143909.18,274725,4990,3077
288,16,Email,40439.32,377398,13911,4801
289,37,Affiliate,214744.26,213090,23373,1452
290,4,YouTube,38974.31,15599,19793,3283
291,92,Google Ads,66182.2,206417,22926,1761
292,12,YouTube,207274.4,496454,16888,2386
293,102,Affiliate,55010.47,474948,534,375
294,77,Facebook,186814.62,276933,21702,664
295,124,Facebook,10791.28,55085,24903,3853
296,88,Email,166646.08,481507,9452,1790
297,9,Instagram,25591.76,132020,22719,3785
298,11,YouTube,183433.51,309521,15660,1076
299,3,Email,181654.46,113961,9880,1562
300,92,SMS,238110.56,16132,14436,4727
301,137,Instagram,69986.23,392972,16911,4386
302,124,SMS,123285.86,66927,24090,3301
303,38,Affiliate,201882.58,133138,15879,3421
304,26,YouTube,9464.46,118335,21750,2974
305,2,SMS,15466.63,109168,14875,691
306,19,SMS,165723.84,388648,17110,4218
307,8,Google Ads,140203.77,171690,24823,2499
308,67,YouTube,154216.43,242895,5097,189
309,27,Facebook,224225.22,95109,8961,2164
310,23,SMS,87224.39,423584,456,285
311,7,Instagram,102823.57,329081,20122,4915
312,101,Instagram,87344.55,89407,4663,3439
313,29,Facebook,200158.18,184041,1572,463
314,38,YouTube,151861.3,98988,19376,3381
315,88,Facebook,48688.78,440711,10740,2504
316,56,Facebook,179878.41,198593,4088,1940
317,61,Facebook,84823.05,130605,23548,1385
318,2,Instagram,176262.94,276225,23854,3063
319,137,Email,16639.59,418427,17600,843
320,2,Google Ads,207868.21,498504,22742,2055
321,85,Google Ads,58796.24,137744,21843,4060
322,50,Google Ads,216761.33,425861,8230,219
323,29,YouTube,185412.47,244598,1920,460
324,10,Google Ads,12316.58,114323,1976,526
325,95,Facebook,81572.58,238889,20887,4627
326,129,Email,20583.67,371994,5340,2775
327,94,Affiliate,156575.06,304708,376,212
328,54,YouTube,63512.84,244231,20929,2346
329,97,Facebook,143780.56,491841,4287,1163
330,97,Affiliate,29733.03,188986,8586,2107
331,103,Email,43336.0,108589,18246,2429
332,20,SMS,67244.56,338628,11787,2188
333,130,YouTube,189397.05,186041,22708,530
334,89,Affiliate,234139.61,306622,20587,767
335,42,Facebook,139336.94,215350,5137,2425
336,96,Instagram,239328.3,445087,2038,1820
337,43,SMS,60418.51,297020,5687,1826
338,87,Instagram,35261.68,260567,24970,3689
339,127,YouTube,110827.03,220014,7229,278
340,11,YouTube,221886.97,344666,4686,3116
341,111,Facebook,137245.7,361517,15010,792
342,69,Facebook,189242.65,407998,2401,1261
343,46,Facebook,51722.41,322241,20733,371
344,97,SMS,5790.82,219739,12943,4709
345,139,YouTube,202035.08,421010,24340,4187
346,125,SMS,216260.18,292867,15661,354
347,97,SMS,63467.71,464578,22105,1225
348,36,Instagram,124453.21,453053,15716,967
349,137,Instagram,25951.4,276952,22335,4173
350,47,Email,34863.98,212309,8280,1675
351,88,SMS,55508.02,34485,450,76
352,62,Instagram,63365.21,382736,1220,816
353,54,Email,199754.31,354544,10952,2769
354,140,Email,19979.81,410127,9672,772
355,33,Instagram,27380.08,105465,3681,3271
356,95,YouTube,231196.13,151229,23679,2331
357,126,Google Ads,142041.74,428169,23943,62
358,113,Affiliate,9993.73,352469,2975,2235
359,60,Affiliate,42752.92,209193,11001,793
360,76,YouTube,172378.87,486832,10024,3412
361,80,Affiliate,236891.07,167558,19213,3363
362,106,YouTube,134928.93,91536,5429,2837
363,138,Facebook,137467.84,229388,11814,4417
364,86,Instagram,125671.9,173639,2066,1495
365,64,Affiliate,42116.12,102660,13809,2331
366,59,YouTube,56617.06,261102,10523,4620
367,86,Affiliate,74616.24,375437,24581,3025
368,1,Email,205136.41,490353,9532,2708
369,131,SMS,223777.78,22426,11709,1645
370,115,YouTube,197787.07,421098,11581,1483
371,40,Email,171920.99,298365,6992,609
372,138,SMS,98752.57,247548,13698,4580
373,93,Email,144733.66,335039,2546,622
374,110,SMS,63435.03,495046,12288,1870
375,59,Instagram,196260.85,425885,816,612
376,27,Affiliate,92032.3,336762,10543,53
377,35,Facebook,59273.28,382906,21098,4235
378,97,Google Ads,179556.81,33834,17788,2669
379,150,Email,230833.6,282428,11034,4182
380,58,Email,188493.58,479323,24455,2487
381,72,Facebook,182348.32,139017,16787,4025
382,63,YouTube,192032.4,413558,24379,3918
383,98,Affiliate,126994.67,15052,11757,4802
384,66,Email,101141.02,66102,23682,4004
385,45,SMS,147782.26,484811,20387,1182
386,39,Google Ads,171550.28,111158,15882,3871
387,100,Email,45573.36,206627,14778,4348
388,18,Instagram,24093.97,283340,8760,2819
389,131,SMS,162019.4,327180,1327,50
390,86,YouTube,184685.2,341211,8904,3742
391,30,Affiliate,199142.72,456497,7071,1529
392,26,Affiliate,41336.04,175033,18737,3181
393,136,Facebook,11948.27,26321,20475,4292
394,38,Google Ads,132438.44,76426,3613,983
395,14,YouTube,69201.11,240202,7313,1000
396,140,Facebook,147087.33,68245,4581,970
397,29,Instagram,93251.37,69563,1151,280
398,77,YouTube,75107.16,325466,13270,3317
399,83,Email,95533.94,184162,15598,3976
400,5,Email,221119.95,362903,17964,3631
401,33,Instagram,142346.92,250606,19551,4164
402,111,YouTube,89129.97,129986,19131,4387
403,31,Instagram,115899.08,455432,1669,1242
404,61,Instagram,156220.67,305625,10667,4328
405,70,Facebook,49812.19,280136,1952,1057
406,123,Email,104415.83,264481,1855,1455
407,103,Instagram,28197.82,173199,15875,3569
408,6,YouTube,117921.25,228930,4453,2158
409,141,SMS,163225.21,379674,17706,4450
410,118,Instagram,217414.02,224390,4723,4031
411,140,YouTube,97914.12,216617,4270,3842
412,57,Instagram,42028.96,183181,3272,187
413,105,Affiliate,215975.18,290188,18951,307
414,44,Affiliate,84218.08,221188,3741,3127
415,38,Email,144737.96,81365,11641,1088
416,57,Affiliate,227964.31,192162,2815,2662
417,6,Instagram,204600.34,48196,4679,2510
418,53,Email,209091.68,229754,24085,2448
419,20,YouTube,127061.35,82272,21134,3177
420,38,YouTube,12003.65,278578,2570,1496
421,103,Facebook,20062.7,133076,4763,1735
422,46,Facebook,46982.4,70001,8038,4826
423,48,Affiliate,99573.67,309937,19678,1023
424,118,Email,241588.55,283742,21510,128
425,59,Google Ads,37299.9,251015,1978,1410
426,123,Email,167063.05,456019,10040,2893
427,44,Google Ads,94407.67,6444,4350,3652
428,6,Google Ads,209813.48,496486,5046,2820
429,75,YouTube,98323.21,95315,518,131
430,53,Affiliate,193446.09,273922,18378,1676
431,117,Instagram,101686.86,181622,17527,4582
432,47,Google Ads,70867.88,86157,24243,160
433,22,Email,53613.64,50273,3532,1950
434,32,YouTube,248956.64,106724,4894,3457
435,113,Facebook,102150.95,149090,24719,2742
436,25,Instagram,81156.79,294958,13346,1929
437,139,Instagram,204924.16,26460,20692,3867
438,67,Google Ads,108063.07,164776,21325,2484
439,133,SMS,52788.27,133241,562,365
440,68,Email,33596.14,171962,22136,3494
441,3,Email,167103.61,115948,15988,4301
442,49,Affiliate,13450.85,105420,22163,2603
443,112,Instagram,98866.23,119751,16253,3286
444,146,Facebook,191883.63,84583,21040,2866
445,86,SMS,110393.01,54165,21154,3487
446,39,Facebook,105304.71,346998,20501,2693
447,88,Instagram,222408.58,194294,15748,341
448,48,Instagram,192983.37,117277,8261,1343
449,101,SMS,17800.71,469513,17186,1843
450,60,YouTube,36126.44,214407,4129,1059
451,82,Instagram,157647.07,89021,15607,573
452,88,Facebook,26846.53,231635,22530,2352
453,141,Google Ads,242430.46,254867,809,306
454,3,Instagram,91064.72,492809,18767,4199
455,74,Google Ads,198736.82,128756,14870,1386
456,29,Instagram,134983.26,15823,19101,1591
457,4,SMS,28685.41,482385,3835,3422
458,77,SMS,22115.21,353525,19755,1757
459,104,Instagram,14224.8,36010,21867,3599
460,117,Facebook,172317.15,241487,23241,177
461,101,Instagram,192648.13,378535,1065,793
462,46,Facebook,111168.55,98960,14355,3840
463,117,SMS,236322.18,285198,5518,1085
464,103,SMS,27335.37,154530,5114,1853
465,12,Facebook,195387.25,109457,17898,2610
466,24,Email,166864.56,297233,18114,2840
467,134,Facebook,119756.32,98636,15394,3005
468,93,YouTube,237422.29,222052,17668,552
469,113,Affiliate,248450.32,496095,10332,235
470,35,YouTube,210586.4,246969,23628,3252
471,82,Email,104256.65,66345,13257,4538
472,43,Google Ads,54072.32,343042,20712,2401
473,53,Facebook,242315.56,362846,13513,1096
474,77,SMS,157572.07,282306,23521,497
475,28,Instagram,200950.38,326917,17750,4786
476,42,Affiliate,116874.26,112731,12892,147
477,8,Facebook,243832.13,231540,23509,776
478,62,Email,184377.64,243909,12215,1828
479,11,YouTube,188449.11,227971,22789,3214
480,88,Email,152475.03,436510,9940,1974
481,15,Instagram,55258.02,361389,5398,3834
482,54,YouTube,184742.06,99205,22152,335
483,150,Google Ads,32792.79,454625,19898,863
484,118,Google Ads,69432.99,451557,1885,1247
485,73,Google Ads,76276.65,41859,7892,2571
486,78,Google Ads,92195.85,334578,14985,1189
487,80,Affiliate,55347.93,382557,14626,1509
488,75,SMS,235877.81,43121,7976,1670
489,125,SMS,19940.47,163680,3841,2845
490,142,Instagram,49813.16,482651,15447,3453
491,130,Email,93073.49,141311,1022,656
492,116,Affiliate,14774.24,344614,11669,653
493,139,Affiliate,117062.7,318788,20375,3743
494,66,Facebook,154371.39,145049,22202,4063
495,106,YouTube,77002.94,219808,20586,3477
496,77,Instagram,12206.47,365044,22021,2063
497,127,Email,24181.85,429448,18343,2400
498,30,SMS,2201.32,130134,7986,1994
499,24,SMS,54276.58,312555,4081,3322
500,111,Google Ads,176175.49,375638,7409,1996
501,47,SMS,140602.79,444535,16080,4524
502,107,YouTube,168430.2,77252,21436,170
503,40,Instagram,213216.37,288873,18873,652
504,9,Email,65541.78,79096,10317,327
505,45,Affiliate,33182.5,397888,2504,2424
506,46,YouTube,177760.12,248435,7817,334
507,110,Google Ads,236028.17,238470,9194,1236
508,58,Email,59950.02,475330,16255,4209
509,43,YouTube,144302.61,422467,10414,3861
510,96,Email,233229.14,272108,18759,458
511,7,Instagram,228074.94,82898,20472,2540
512,46,Email,69426.42,241474,6390,302
513,92,SMS,88747.25,463589,17494,4792
514,95,SMS,247763.09,107298,2760,1826
515,96,Instagram,78259.67,33434,15640,4945
516,92,Google Ads,13438.3,29237,11813,4618
517,100,Google Ads,25235.98,458919,18282,2751
518,22,Email,171524.0,19998,9295,2762
519,108,Instagram,63964.91,129986,14789,4143
520,52,YouTube,122193.39,416769,6098,2684
521,5,Instagram,238799.02,16575,1802,639
522,128,Facebook,170945.56,22256,9177,1390
523,140,Email,84710.17,328163,914,196
524,133,Google Ads,152660.26,249649,23603,1811
525,51,Affiliate,132919.52,142714,11094,3509
526,120,Google Ads,25268.62,310206,12385,1890
527,79,Facebook,223996.94,55844,18087,174
528,84,SMS,179328.6,16599,1901,1575
529,65,Email,72085.04,81616,20683,80
530,145,Google Ads,231202.21,390111,7584,3951
531,6,Instagram,167640.44,244250,2149,1470
532,10,YouTube,117496.76,192020,18015,994
533,1,Email,163224.46,400679,23539,460
534,78,Facebook,80683.39,186268,7516,2466
535,11,YouTube,231381.35,368873,10621,223
536,106,Facebook,147388.73,493959,17910,3719
537,65,Instagram,146301.78,341444,8172,1961
538,142,YouTube,199155.92,127454,19646,668
539,29,YouTube,77020.97,338665,9980,2562
540,64,Instagram,11522.32,161978,16573,2505
541,50,Google Ads,139109.79,361368,23395,3310
542,93,Affiliate,87457.02,139850,15969,786
543,115,Facebook,3891.36,317932,20175,1330
544,103,Facebook,182080.23,279432,4478,1354
545,89,Google Ads,93946.19,92075,7203,1232
546,49,Google Ads,32393.69,371267,20157,3497
547,29,Google Ads,114979.86,286525,17068,1407
548,34,Affiliate,75875.95,38425,13113,974
549,127,YouTube,44888.79,54508,7680,3190
550,10,SMS,177112.46,202734,707,58
551,84,Email,26919.98,145887,5701,4451
552,72,YouTube,90079.48,382374,24557,2687
553,143,Facebook,62761.76,378186,2350,2235
554,55,SMS,244627.05,386939,9483,3425
555,84,Email,124011.89,220010,3709,3629
556,82,Instagram,146208.17,225535,19387,2512
557,63,YouTube,223017.03,329275,494,21
558,126,Google Ads,22540.17,363300,181,104
559,9,Google Ads,118641.71,342549,19097,3802
560,4,Email,47837.24,463498,18553,4737
561,81,Google Ads,235467.58,212455,169,44
562,60,Affiliate,150593.81,34330,23799,1385
563,90,Google Ads,106520.46,488494,4138,3065
564,14,Email,7086.74,409257,21100,2207
565,10,YouTube,2126.94,245574,23164,3918
566,111,Google Ads,185063.3,311037,8929,71
567,121,SMS,24565.94,23830,9533,3809
568,47,Email,200884.76,252543,9587,1744
569,19,Email,9455.85,247390,4451,4119
570,130,SMS,36041.09,490749,8789,3769
571,95,Affiliate,124828.5,323459,22033,1811
572,81,Instagram,113121.54,371714,23959,1556
573,64,Google Ads,203444.13,286517,12050,1783
574,46,Facebook,9064.68,296633,8162,4048
575,135,Affiliate,121026.99,155150,14247,2390
576,87,Facebook,72565.01,178137,10477,4322
577,111,Affiliate,112331.64,395571,11934,4689
578,143,YouTube,121619.62,151671,3043,456
579,120,Instagram,184008.95,333208,20408,1685
580,99,Affiliate,98824.23,239747,19234,4410
581,104,YouTube,192910.62,63858,13752,3534
582,37,Email,136655.46,234727,10247,3359
583,82,Email,114640.48,128625,23130,969
584,36,Email,64531.73,473555,18837,605
585,129,Affiliate,174745.5,340885,24316,2172
586,83,Email,215847.49,357657,21264,1532
587,7,Google Ads,18439.17,147158,8123,1959
588,20,Google Ads,37264.48,334366,14032,4193
589,102,YouTube,72830.63,118998,19657,929
590,127,YouTube,231823.84,99482,18713,4690
591,133,Affiliate,74263.3,121286,14684,4365
592,124,Email,233573.27,477063,15335,1962
593,105,Instagram,159529.17,150898,7726,4352
594,50,YouTube,26580.52,394297,8630,2801
595,115,Google Ads,67275.45,134033,9493,260
596,71,Email,128673.04,312509,1438,655
597,126,Google Ads,104051.81,173943,19297,3767
598,29,Email,212008.47,290022,1978,901
599,109,Instagram,47038.21,112607,8202,3584
600,30,Instagram,181563.26,142902,24883,2690
601,74,YouTube,205592.65,130655,8079,4590
602,19,Google Ads,132002.11,147447,8792,838
603,74,SMS,106526.34,34094,16991,1874
604,108,Email,163880.53,44851,4303,2644
605,138,Email,79461.32,55817,16544,2748
606,82,SMS,62479.74,435929,8770,1980
607,41,Facebook,106544.73,229269,3446,3094
608,119,Instagram,70570.27,490471,525,348
609,36,Affiliate,40166.61,7113,13528,3438
610,118,Google Ads,95776.11,321508,5035,4361
611,116,Instagram,81187.85,394476,16590,1929
612,41,Instagram,102382.43,362342,9561,900
613,96,YouTube,231204.85,74107,4230,564
614,124,SMS,167908.64,227223,4584,3706
615,34,Affiliate,108641.49,173413,12941,1281
616,56,YouTube,205813.78,456667,17301,3855
617,105,Google Ads,23910.31,367901,8264,945
618,54,Facebook,166483.13,205624,14354,1483
619,141,SMS,16272.89,460387,8171,2839
620,31,Affiliate,140280.75,236629,14556,3054
621,90,Google Ads,66349.39,17285,15640,1762
622,85,Instagram,220340.97,288645,7573,4952
623,139,Facebook,46265.55,271967,20536,4433
624,143,Instagram,3428.44,371071,15270,4341
625,43,Email,237644.71,275938,15337,3148
626,60,Email,57893.07,451649,8946,2891
627,58,Google Ads,142803.52,294946,7264,4229
628,41,Instagram,244368.35,169930,2231,1480
629,148,SMS,186415.28,219005,717,438
630,57,Affiliate,132449.59,220823,23717,806
631,138,Instagram,200738.13,135237,17232,4623
632,75,SMS,113489.46,466622,22754,2617
633,74,SMS,225533.58,29353,13954,585
634,126,Facebook,149264.42,213590,14346,4350
635,105,Google Ads,155851.83,388485,19140,58
636,35,Google Ads,163444.74,173784,17719,3854
637,67,SMS,94998.8,269351,12807,378
638,58,YouTube,118503.32,456837,7265,4070
639,30,SMS,26577.31,112660,17211,3207
640,141,Facebook,142336.1,83359,313,155
641,33,Facebook,117516.85,217342,22168,1036
642,144,Email,128676.19,276911,18619,3819
643,11,Facebook,87772.68,195527,6421,2258
644,109,Affiliate,222218.79,6353,12207,1574
645,80,SMS,215932.81,198262,12962,3738
646,19,Facebook,238257.72,139212,16372,2352
647,96,SMS,214736.41,343943,1242,467
648,114,Google Ads,187732.17,457595,9707,2617
649,62,Instagram,237230.32,226358,21941,2909
650,104,Google Ads,233182.58,131865,323,66
651,148,SMS,162585.34,302383,7586,2525
652,101,YouTube,197824.77,22651,15805,2276
653,101,Instagram,139734.61,394865,16204,4214
654,147,Instagram,49072.54,457724,15766,3857
655,119,Instagram,108702.27,28766,19259,3353
656,18,Email,231849.21,476743,1239,882
657,44,SMS,231580.65,414091,17055,649
658,65,YouTube,66081.73,67745,23750,306
659,105,Instagram,197264.59,427101,11177,828
660,23,Facebook,139276.86,86835,15991,3293
661,30,Email,86377.2,84942,4982,3814
662,79,Instagram,160403.0,298403,1770,781
663,32,Affiliate,204260.95,495949,9678,3253
664,109,Affiliate,193364.29,266321,20111,2306
665,99,Affiliate,229465.56,16711,7115,2634
666,59,Instagram,37109.55,237170,858,266
667,144,Instagram,5691.76,222189,7680,2191
668,10,Facebook,123569.04,145786,21589,4533
669,149,Google Ads,226629.79,159124,21071,2493
670,118,Email,73414.3,393018,17249,1117
671,107,SMS,33199.5,177564,16967,3336
672,44,YouTube,21390.3,189787,4222,1181
673,81,Facebook,130337.97,235331,24118,1291
674,127,SMS,54096.96,78783,9197,233
675,64,Facebook,78719.66,278388,8314,1232
676,87,YouTube,140273.37,429268,23568,4935
677,10,Affiliate,80112.39,120950,7139,3501
678,50,Instagram,115912.42,436901,24499,3026
679,129,Email,42616.08,451034,21860,2693
680,10,Facebook,23655.63,283878,8248,3273
681,104,Google Ads,184572.81,367371,21650,3619
682,24,Instagram,73717.24,400074,13363,4310
683,7,Affiliate,75443.52,258228,11864,1534
684,147,Facebook,76898.19,125996,1495,1066
685,22,Instagram,59409.74,89282,20190,278
686,34,Email,221807.8,276424,23344,4367
687,129,YouTube,225175.75,360300,8270,2745
688,119,Affiliate,202863.26,433158,17326,3179
689,114,SMS,50833.13,178892,4261,756
690,77,SMS,60668.36,363809,19789,3027
691,110,Google Ads,248732.12,446817,19817,2746
692,66,Email,101068.95,200909,263,223
693,45,Google Ads,26687.15,473866,24830,4833
694,89,Email,197344.91,163133,20637,3768
695,85,Email,143655.45,366424,20019,3489
696,3,Google Ads,215368.51,42957,2486,1560
697,27,YouTube,161506.34,330315,4592,2298
698,103,Instagram,244433.82,139586,19050,2831
699,26,SMS,139992.03,338689,6232,816
700,77,Affiliate,199533.32,167769,1134,467
701,3,Instagram,218699.95,144136,9790,2604
702,77,Affiliate,153271.19,289992,1447,970
703,148,Affiliate,184685.47,410183,8586,4183
704,90,SMS,235968.23,382467,2915,540
705,130,YouTube,117244.94,294798,18317,3508
706,131,Facebook,195237.43,235515,19356,3136
707,38,Facebook,91307.64,34879,9435,2781
708,55,Email,41863.13,337814,7723,1994
709,58,Affiliate,112067.23,27513,329,193
710,14,YouTube,185861.56,362986,1763,347
711,73,Instagram,98494.45,249277,18229,1534
712,51,Facebook,74603.39,24412,9213,4871
713,148,Affiliate,201582.09,88133,6549,435
714,133,Instagram,144576.74,493668,5707,1594
715,73,Affiliate,134107.2,58698,3127,2224
716,96,Instagram,31487.06,354866,3310,585
717,136,Email,96864.39,180595,18311,4094
718,39,Affiliate,18138.67,90172,8133,4474
719,20,Instagram,136582.43,137389,21850,3369
720,116,Facebook,240434.35,235079,477,45
721,120,Instagram,150298.96,211783,19978,4745
722,12,Facebook,142338.05,479492,17155,2020
723,37,SMS,43274.43,306245,435,95
724,15,YouTube,235626.59,430564,17324,3157
725,5,Instagram,84290.14,482741,2155,354
726,70,Google Ads,51267.59,483823,14480,3337
727,144,Instagram,151580.75,381661,9560,2107
728,60,Affiliate,74116.33,167416,599,94
729,61,Affiliate,103571.85,489994,14095,1651
730,145,Instagram,159920.47,329001,22513,3645
731,126,Google Ads,62915.64,431500,23926,3755
732,139,Google Ads,200882.94,198165,18941,2110
733,57,Affiliate,1395.43,82114,11816,4869
734,20,Email,224641.48,187025,4442,2332
735,124,Facebook,101958.02,49226,16296,2666
736,56,Email,240194.09,28131,21722,670
737,150,Affiliate,232681.65,252815,13823,2238
738,30,Instagram,134723.3,120508,11666,4584
739,132,Google Ads,182415.4,38331,23494,856
740,51,YouTube,88208.64,298261,19494,1028
741,55,Affiliate,219177.96,35595,1649,342
742,23,Instagram,96800.42,108779,23529,547
743,74,Google Ads,12788.08,109861,2864,1742
744,94,Email,239694.1,63640,13454,1113
745,114,Facebook,226016.96,456343,16412,3992
746,133,Google Ads,60080.74,473401,9499,3675
747,53,Email,164926.53,90003,1219,83
748,111,SMS,113046.23,438844,6045,4287
749,86,Affiliate,202018.03,52812,5676,556
750,110,YouTube,189693.79,311201,18409,1356
751,31,Facebook,102946.29,210089,362,62
752,14,Instagram,29877.53,488971,22258,2978
753,125,Email,152042.95,407524,14086,3939
754,1,Affiliate,195266.17,400042,10215,511
755,73,Instagram,71510.28,353436,17334,3527
756,140,SMS,230786.93,12566,1214,1113
757,5,YouTube,91294.8,167574,21579,946
758,129,YouTube,227941.52,318698,21864,2062
759,56,Google Ads,160374.87,155254,10606,3757
760,111,Facebook,206375.34,460187,23859,1311
761,9,Google Ads,194213.26,20644,6417,1358
762,101,Affiliate,108674.26,421770,16461,119
763,6,Google Ads,190630.85,62644,21527,4185
764,117,Facebook,107059.86,205183,2513,990
765,47,SMS,50489.14,107125,6171,557
766,119,Google Ads,47975.13,324105,15374,2407
767,62,Facebook,160048.79,88680,13471,1576
768,45,SMS,92426.11,436646,12302,2636
769,148,Instagram,199748.58,464065,15313,3977
770,46,YouTube,233407.91,450159,13309,3100
771,67,Email,50627.55,358192,10169,2755
772,144,Google Ads,97920.66,253672,16720,4825
773,91,Google Ads,240866.31,147452,1589,1533
774,112,Instagram,160550.04,109244,14972,477
775,28,Google Ads,212349.63,409328,14132,2924
776,140,Google Ads,218585.86,332393,23599,1349
777,61,Facebook,204759.54,120494,4832,979
778,128,SMS,169358.06,120607,5603,4772
779,103,Affiliate,215325.83,313339,23167,2315
780,72,YouTube,34659.1,250845,4108,2228
781,47,Facebook,154196.57,123093,2491,2238
782,103,Instagram,229036.94,114605,3607,835
783,3,YouTube,114971.89,85424,852,545
784,25,Google Ads,191032.77,264003,3370,1705
785,124,SMS,206704.3,246185,23405,1333
786,83,Email,214609.18,439781,15443,3533
787,55,Facebook,120872.17,323516,23776,4020
788,120,Google Ads,220041.69,358727,15932,775
789,142,Affiliate,101052.12,422907,13166,3235
790,97,Instagram,219435.16,343794,16972,3929
791,118,Affiliate,29818.6,173611,9472,3853
792,3,Instagram,142730.65,69161,1913,808
793,48,YouTube,66149.07,215193,11217,3895
794,40,YouTube,123946.03,278826,20282,4346
795,9,SMS,89572.44,403436,12812,2555
796,50,Email,83374.22,303503,2910,1014
797,79,Affiliate,211409.08,113680,15056,4943
798,55,Affiliate,185059.6,302202,9370,2720
799,17,Facebook,142058.96,314710,16508,3751
800,6,Google Ads,45619.49,162789,11642,256
801,97,Facebook,88600.25,485575,15682,3640
802,148,Email,55972.16,418970,16167,3432
803,77,Google Ads,170171.31,462916,4346,1056
804,40,Email,234007.5,7418,18783,1756
805,34,Email,242957.39,299143,13663,1324
806,4,Facebook,183344.22,459291,10319,519
807,92,Instagram,127387.55,385238,20396,4635
808,79,SMS,12507.26,362395,11363,2239
809,103,SMS,139663.34,383892,9047,2364
810,37,Google Ads,151892.9,49660,11715,1883
811,7,Affiliate,202712.89,18791,12198,2493
812,112,SMS,182162.35,347565,20084,317
813,28,Google Ads,88325.48,297588,19675,4083
814,130,Google Ads,246230.16,231615,19112,4021
815,72,Instagram,188473.64,415573,21572,1553
816,69,Instagram,184435.5,11019,18308,726
817,69,Email,64968.18,375682,8079,3132
818,66,YouTube,141244.98,213219,24945,3578
819,83,Email,81087.98,407734,24718,4557
820,68,Facebook,146346.16,499172,2269,963
821,40,Google Ads,8407.72,107040,21501,4297
822,48,Google Ads,36922.57,49536,20421,2923
823,68,Facebook,85107.73,283687,15630,4922
824,5,Affiliate,223405.85,170193,7248,1860
825,21,Facebook,115136.93,201295,20094,1974
826,32,Facebook,219584.4,251164,14642,4814
827,1,Email,105145.62,468611,8710,549
828,129,SMS,20652.08,140752,7574,3141
829,59,Google Ads,221797.07,204465,16529,1495
830,135,YouTube,137069.64,160142,12670,2835
831,4,YouTube,157304.58,327317,3891,2589
832,27,YouTube,30158.71,197504,15041,3355
833,110,SMS,168785.98,466021,23091,1539
834,20,Facebook,138317.62,68610,2405,311
835,80,Email,40367.93,63196,10559,1819
836,106,YouTube,16544.04,132831,4673,2509
837,118,SMS,70126.94,282372,23808,994
838,126,Instagram,224285.87,306921,9709,2059
839,42,Email,214063.65,461901,10462,1603
840,141,Instagram,183951.99,497668,23342,4526
841,113,SMS,174810.69,185472,21440,4634
842,104,Email,59498.78,235583,5045,2222
843,104,Email,34704.1,255849,2938,736
844,2,Affiliate,236180.98,476639,16815,2672
845,105,SMS,188030.65,402861,9280,3229
846,104,YouTube,231599.99,38281,3066,1616
847,73,Google Ads,153981.86,211481,10580,2749
848,47,Facebook,21795.71,362648,21993,4177
849,113,Instagram,1502.66,159100,12281,312
850,29,SMS,191132.67,23301,19320,3384
851,51,Facebook,92048.64,82657,3618,2546
852,85,Email,45206.0,8314,4573,1731
853,85,YouTube,93452.52,287207,17018,2002
854,21,Affiliate,126584.78,342957,20663,2333
855,24,YouTube,11786.91,385134,14909,4979
856,88,Google Ads,217846.12,306800,12458,4697
857,20,Facebook,166144.24,337173,7550,4160
858,3,Instagram,31173.21,413541,19979,3782
859,27,Instagram,248505.93,474235,23542,732
860,74,YouTube,152642.98,417117,23740,1538
861,113,Facebook,237043.01,334007,15834,3825
862,52,Instagram,238462.29,379144,5612,3899
863,150,SMS,110941.91,211233,21542,1307
864,9,Instagram,64561.75,115633,24154,3897
865,21,Instagram,47897.09,214972,17625,4135
866,21,Facebook,15750.17,90585,11015,4078
867,96,Instagram,98298.24,387329,15328,4199
868,41,SMS,239971.98,481293,7015,355
869,22,Facebook,10148.51,260787,20657,2979
870,41,YouTube,191488.42,130819,19325,3413
871,65,Instagram,47113.59,24967,13874,1046
872,72,Google Ads,34712.82,137586,243,14
873,35,Facebook,27054.63,190416,17921,1125
874,88,Email,104239.13,390333,1680,1303
875,31,Google Ads,231486.15,120127,18208,2001
876,81,Google Ads,64268.13,67405,8475,3520
877,41,Google Ads,140430.84,228981,18387,1560
878,90,Affiliate,7660.43,99653,5792,4108
879,103,Email,20282.12,8834,1100,750
880,50,Instagram,58138.13,396253,4245,264
881,77,SMS,156218.84,222126,23465,1846
882,97,Facebook,229903.79,44533,24770,3606
883,78,SMS,227612.41,133305,1281,1025
884,54,Affiliate,36065.32,111036,13701,2990
885,149,Affiliate,153809.08,72755,17392,2632
886,47,Facebook,145363.17,141697,19708,535
887,122,Facebook,64248.29,413270,11659,4953
888,53,Affiliate,218410.71,443866,13348,1708
889,110,YouTube,205410.7,468177,16772,2978
890,36,Facebook,175925.96,313170,7634,2894
891,24,Google Ads,215390.63,334748,19815,3502
892,114,Google Ads,94006.96,187872,24542,4424
893,69,SMS,222846.27,136540,22353,4538
894,59,Facebook,110754.19,102557,204,111
895,112,SMS,35446.27,325711,1560,573
896,90,Google Ads,57688.49,35778,5063,4708
897,36,Google Ads,222293.27,474096,12263,578
898,78,Affiliate,120101.57,59687,22672,251
899,97,YouTube,26515.55,449378,5612,1092
900,138,SMS,139206.61,463988,621,547
901,58,YouTube,99564.77,230446,13325,2526
902,25,Instagram,15049.31,61893,15683,2675
903,140,Facebook,134443.52,162691,10332,2114
904,76,YouTube,21972.95,192098,23822,70
905,64,Email,92082.28,247888,16419,3685
906,49,Instagram,38637.86,81856,13721,4775
907,70,Email,105065.88,343014,18332,671
908,142,YouTube,50184.31,341068,1930,1252
909,75,Instagram,191611.99,382983,10660,2058
910,17,Facebook,163439.44,355951,21105,1956
911,65,YouTube,212128.73,364223,16183,3074
912,69,Affiliate,244877.18,373060,9814,1453
913,106,YouTube,80855.54,156713,11856,140
914,127,SMS,219504.46,440533,3082,1199
915,97,Email,155939.14,479323,12235,3193
916,95,Email,105643.16,118882,12303,3493
917,87,YouTube,108772.26,431249,23582,265
918,55,Email,219746.73,369079,13014,40
919,2,Facebook,23799.78,50043,2282,33
920,122,Facebook,89738.59,239941,17655,4245
921,96,Affiliate,31088.32,312467,10831,3735
922,16,Email,177791.36,389596,15272,3700
923,102,Email,232751.06,9375,3459,2750
924,123,Email,75085.22,307874,20880,2417
925,144,SMS,75074.44,253891,16685,887
926,79,Email,31496.03,474875,22864,1798
927,121,Instagram,43509.29,271388,12429,1211
928,40,Facebook,164746.66,450595,13650,2562
929,146,Google Ads,235108.04,109104,4675,2838
930,31,Google Ads,229784.64,389789,3154,2316
931,55,Email,15054.89,160701,5475,3760
932,52,Google Ads,145337.41,240835,23487,3216
933,73,SMS,120050.54,318532,4519,3572
934,40,Facebook,16922.21,153702,1297,242
935,1,Instagram,40866.24,177390,1026,65
936,16,Instagram,223987.34,66493,3134,254
937,143,SMS,92596.17,209798,8824,39
938,86,Instagram,154380.56,399659,777,635
939,126,YouTube,180034.24,439314,21347,1681
940,62,Affiliate,235202.85,469214,22906,3209
941,6,SMS,56875.39,299147,7621,4377
942,58,Email,18809.24,23790,9997,456
943,84,YouTube,18603.09,350055,7385,1672
944,143,SMS,53886.6,429080,22441,2644
945,40,YouTube,156502.45,418020,21503,2453
946,79,YouTube,14976.27,335871,22398,2065
947,123,Affiliate,42863.54,101670,4397,2563
948,124,SMS,207039.15,324060,14183,4200
949,32,YouTube,62253.42,468079,10230,4256
950,89,YouTube,209281.05,201382,381,283
951,137,Facebook,238689.74,43010,6697,1708
952,99,Email,227077.55,66654,10817,4067
953,109,Facebook,156333.88,487523,20751,4159
954,20,Facebook,220448.75,258661,23357,297
955,79,Affiliate,66987.4,148324,12367,3844
956,75,Affiliate,198749.3,462952,5366,4411
957,5,Email,214429.32,204312,4875,3658
958,142,Facebook,47390.92,403773,18662,2267
959,68,SMS,60299.07,119896,8183,3598
960,49,Affiliate,206074.87,213000,20350,4013
961,12,Email,162687.77,106692,12295,1225
962,53,SMS,118214.2,54180,6105,2452
963,45,Affiliate,126430.88,472941,13202,1978
964,144,Instagram,214717.25,463983,1930,1181
965,65,Google Ads,62360.47,359310,24211,3198
966,110,YouTube,216684.02,384933,15586,687
967,145,SMS,243104.86,194524,24110,4401
968,141,Instagram,118062.02,469939,2641,875
969,50,Email,24131.77,64417,19836,1168
970,82,Facebook,131460.61,256703,15784,497
971,85,SMS,63845.87,183136,7716,2969
972,25,Email,57327.27,258470,16956,2194
973,127,Email,194027.84,217070,12011,830
974,53,SMS,221210.45,141462,20536,494
975,73,SMS,223604.3,229069,901,373
976,2,Affiliate,246424.52,430576,17702,188
977,91,SMS,63813.45,257627,7196,3780
978,128,YouTube,150397.2,66300,4795,4438
979,20,Email,145917.22,202147,22245,3846
980,34,Facebook,249030.71,423112,603,505
981,148,Facebook,4706.39,321992,19751,587
982,79,Instagram,25608.93,194881,4425,2959
983,10,SMS,215832.02,199347,8208,1876
984,105,SMS,187251.29,244527,11754,1549
985,27,Instagram,230906.09,372234,24996,896
986,7,YouTube,234417.88,291089,11852,3338
987,132,Facebook,103004.32,54853,24933,2708
988,25,Email,94443.44,269511,20720,3475
989,141,Instagram,82531.43,61883,20536,1739
990,33,Email,22174.6,453624,9857,4364
991,7,SMS,217564.21,13670,21423,2666
992,54,Email,33877.61,27544,12992,224
993,30,YouTube,245496.37,352550,18381,732
994,146,Instagram,165229.54,335552,16336,3903
995,66,SMS,181277.59,410543,17885,4383
996,27,SMS,56714.37,394233,18488,4938
997,146,Email,53120.8,362404,8477,219
998,75,YouTube,207397.23,316428,23608,4209
999,84,Affiliate,5833.4,135187,17825,2449
1000,36,Facebook,180742.02,277285,20440,3598
1001,70,YouTube,94813.78,57603,19638,1923
1002,75,SMS,181574.72,404607,10266,955
1003,62,SMS,19116.51,383474,24088,2166
1004,101,Affiliate,13778.64,491654,2279,548
1005,65,Email,23179.71,393050,3253,2421
1006,44,SMS,187385.0,297878,16279,3933
1007,59,Facebook,107168.56,259028,2464,161
1008,140,Facebook,170409.43,317741,7978,2787
1009,92,SMS,195560.56,99285,6304,45
1010,75,Email,130210.69,196287,1286,700
1011,71,Email,124914.52,492167,18087,4065
1012,149,Facebook,136648.33,355507,7914,3999
1013,105,Email,42933.07,227178,3874,2152
1014,2,Google Ads,242252.98,251593,14309,4472
1015,57,Affiliate,204259.8,490963,3382,1172
1016,89,Affiliate,69511.26,462924,22708,2784
1017,97,YouTube,209191.15,240852,5961,253
1018,74,SMS,196193.07,398406,12866,2877
1019,98,Instagram,113565.15,127847,21167,1195
1020,110,YouTube,159089.21,460661,12228,1577
1021,20,Facebook,204403.57,361811,5568,4744
1022,71,SMS,101597.47,309436,14075,2075
1023,28,Affiliate,1800.36,140457,1930,1489
1024,38,Facebook,214293.53,35449,24718,1263
1025,130,Facebook,57709.74,481110,2313,1719
1026,126,Google Ads,68228.37,415483,5369,4391
1027,106,Facebook,127330.58,487118,18350,3438
1028,45,Affiliate,66737.92,199235,22383,1027
1029,142,Instagram,225736.78,350232,1313,623
1030,107,Email,160348.97,308455,6290,4069
1031,75,Email,211761.75,59545,15459,572
1032,109,YouTube,121466.99,202609,9289,2330
1033,20,Email,116441.16,81306,16912,1271
1034,18,SMS,197985.82,273041,15489,1358
1035,13,Facebook,46035.51,137497,24637,4255
1036,119,Affiliate,164062.52,246029,3709,2050
1037,12,Facebook,170986.25,272309,9166,421
1038,22,Affiliate,206544.66,192722,15867,1444
1039,74,Google Ads,209785.09,208976,15319,862
1040,93,Instagram,16500.53,375855,12024,2345
1041,69,YouTube,210685.9,346765,5164,3181
1042,96,YouTube,132124.08,332239,13968,3512
1043,119,Google Ads,85921.44,355051,6283,3488
1044,105,YouTube,151361.02,11701,18333,3755
1045,128,Facebook,223826.77,55202,15559,2370
1046,128,Instagram,164070.08,163505,20907,3689
1047,48,SMS,21652.72,44005,5870,204
1048,87,Affiliate,216001.57,380203,22033,3901
1049,31,Affiliate,144849.31,113618,15879,371
1050,71,Instagram,223732.26,264106,2776,1364
1051,57,YouTube,113169.54,412208,21126,4863
1052,86,Facebook,176637.28,65532,24500,1689
1053,3,Email,50014.24,91897,20550,537
1054,97,Affiliate,73046.5,255334,939,931
1055,132,Instagram,78330.95,206134,7771,3627
1056,142,Facebook,157475.58,150518,22195,1880
1057,103,YouTube,47552.66,279315,12091,2866
1058,21,YouTube,6175.18,30027,10610,3450
1059,138,Affiliate,166062.98,255538,14918,1692
1060,62,SMS,117929.54,77444,790,97
1061,45,YouTube,195595.72,201517,10512,3365
1062,21,Email,106936.17,199518,2893,951
1063,91,SMS,233481.34,119892,828,420
1064,148,Affiliate,11466.33,206882,20636,2273
1065,5,Email,60775.17,22654,8710,2410
1066,139,Instagram,104323.43,129050,3187,3067
1067,6,YouTube,15340.05,68250,9184,4516
1068,142,Affiliate,170205.83,358953,5771,3295
1069,27,Instagram,182166.86,498064,20704,3974
1070,54,Facebook,156398.75,481564,9132,566
1071,100,Affiliate,235535.49,415885,7094,3910
1072,91,Instagram,142086.21,441228,116,114
1073,143,Google Ads,78117.62,421016,22962,749
1074,67,SMS,235702.84,468504,14451,2921
1075,21,SMS,225847.01,212723,956,713
1076,70,Instagram,133569.98,137223,22799,2774
1077,64,Affiliate,67264.9,7532,398,215
1078,44,YouTube,218395.7,9380,11053,695
1079,67,YouTube,4547.99,459323,14315,4154
1080,148,YouTube,193288.63,136545,13291,259
1081,126,Facebook,161379.54,305039,21041,1135
1082,14,Google Ads,140622.57,262420,5870,1861
1083,150,SMS,127716.2,271259,23136,3185
1084,66,YouTube,124580.85,219288,2263,219
1085,150,Affiliate,34036.49,191422,5408,2053
1086,128,SMS,84024.3,136186,10054,4691
1087,35,Instagram,173942.84,405384,12069,1336
1088,49,Google Ads,78859.62,15811,5922,2376
1089,37,Instagram,180588.49,143802,18506,3238
1090,50,Email,247072.25,113229,17075,1970
1091,37,YouTube,143915.26,437716,12645,3535
1092,144,Instagram,235508.51,331040,23549,2840
1093,49,Facebook,204487.74,259122,1029,646
1094,61,SMS,120625.47,309293,14564,3121
1095,13,SMS,124750.3,426398,228,118
1096,139,YouTube,121974.9,141723,3284,446
1097,47,Instagram,14639.99,326996,16292,2207
1098,115,Google Ads,66503.65,77865,14798,2286
1099,42,Email,190964.07,36251,8757,4693
1100,21,Facebook,241202.46,33161,16301,518
1101,123,Google Ads,114345.09,91874,23900,2003
1102,85,YouTube,73057.69,441080,23545,17
1103,136,SMS,141748.32,327635,19582,2649
1104,83,Facebook,213559.32,285240,14146,281
1105,82,Affiliate,229056.1,444139,15338,1182
1106,66,Affiliate,123420.52,429945,4068,2392
1107,113,Instagram,99301.77,497276,2788,2524
1108,131,SMS,39800.62,314962,15881,4726
1109,101,SMS,8221.99,453808,16514,2489
1110,31,Google Ads,183144.84,334307,21589,113
1111,45,SMS,29186.57,373170,16246,4128
1112,101,Affiliate,124531.1,462051,12735,955
1113,134,Facebook,29012.34,143634,15680,3292
1114,119,Affiliate,70838.67,110147,24081,363
1115,74,Instagram,228803.14,32833,14799,933
1116,82,Facebook,1190.65,435754,11109,660
1117,75,Affiliate,87517.66,364223,1893,921
1118,82,Email,195738.08,235328,21771,4242
1119,50,Google Ads,96742.09,265981,554,120
1120,36,YouTube,75057.29,306787,21377,2970
1121,128,Affiliate,188977.06,434312,10340,2410
1122,125,Email,205695.22,493198,13972,2994
1123,143,Facebook,181165.43,430619,12630,4353
1124,62,Google Ads,191163.41,368671,11048,3440
1125,101,Google Ads,188943.77,140078,15216,3553
1126,47,Google Ads,137749.76,388487,6549,3486
1127,30,Email,215954.39,97976,22262,76
1128,107,Instagram,109525.52,294576,22702,3507
1129,116,Google Ads,45362.61,60820,2810,530
1130,73,Facebook,81973.56,298552,9008,3271
1131,54,Facebook,100783.23,130685,14646,3557
1132,102,Instagram,207597.36,140534,2247,817
1133,144,Affiliate,187790.13,297586,5637,422
1134,127,Facebook,91896.52,189083,9785,1323
1135,60,Email,19280.42,216898,7951,574
1136,144,Instagram,93609.02,77022,24632,1827
1137,62,Email,31472.03,150958,414,16
1138,97,Affiliate,128923.96,78125,2905,2467
1139,148,Affiliate,114037.1,270532,9597,162
1140,115,Instagram,129768.16,25586,5870,4539
1141,91,SMS,111226.39,460098,17364,3398
1142,2,Instagram,226144.09,251498,19782,1750
1143,85,Email,8323.41,69480,12866,3413
1144,54,Google Ads,16829.9,392374,13042,3927
1145,136,SMS,70416.19,350721,24151,3784
1146,43,Google Ads,157183.16,367903,15270,3193
1147,85,Instagram,31629.7,436812,11783,4413
1148,13,YouTube,216929.83,172042,21860,967
1149,78,YouTube,57049.34,438248,2042,1256
1150,115,SMS,190286.54,244018,23967,2893
1151,10,Email,95460.12,105220,17643,608
1152,92,YouTube,219565.51,443861,15028,1828
1153,24,Google Ads,87640.79,38496,11301,3884
1154,99,SMS,13404.09,466078,20705,4896
1155,67,Google Ads,28874.44,250426,3548,2740
1156,135,YouTube,243849.4,203591,11164,4600
1157,131,SMS,207828.75,374599,5972,308
1158,87,Instagram,130330.98,42983,694,454
1159,94,Facebook,187600.56,161964,2084,1783
1160,78,YouTube,236642.61,232308,10538,3322
1161,120,Facebook,106807.48,253931,8730,3868
1162,68,YouTube,5723.61,109691,24581,3005
1163,90,Instagram,62557.53,171733,24423,685
1164,26,SMS,84730.37,448579,16912,197
1165,7,Google Ads,125345.22,211578,11661,2736
1166,120,Instagram,119832.05,411547,5067,86
1167,41,Google Ads,68177.6,206506,5946,2829
1168,55,Affiliate,186195.23,42066,21498,3705
1169,123,Facebook,28667.04,465966,13185,2730
1170,130,Instagram,232649.68,21884,12429,202
1171,6,Google Ads,124211.54,336792,9261,4177
1172,66,Affiliate,17556.11,72027,3465,866
1173,47,Affiliate,131522.38,84063,10831,3522
1174,143,Affiliate,110491.14,430866,11697,3815
1175,16,Google Ads,15338.0,262565,22034,491
1176,24,Instagram,177737.9,293126,20812,3586
1177,7,YouTube,136587.34,113158,17813,557
1178,68,Google Ads,142044.07,435818,22549,2893
1179,12,SMS,55363.57,286189,4107,2679
1180,131,YouTube,186982.45,388930,12904,182
1181,56,Instagram,197990.53,481527,7773,1075
1182,90,Email,63489.92,98508,7339,2642
1183,24,Instagram,58567.12,344162,6295,2468
1184,74,Google Ads,55769.16,488381,717,654
1185,21,Affiliate,233168.35,486385,6509,547
1186,146,YouTube,156350.08,105957,19773,2645
1187,81,Affiliate,50433.71,418476,3951,112
1188,16,Affiliate,19236.77,79147,1048,288
1189,63,YouTube,231650.44,169169,24679,4326
1190,64,Affiliate,45910.26,224171,18739,438
1191,33,SMS,213818.3,454551,19594,596
1192,16,Email,165451.68,168510,12085,4480
1193,97,Affiliate,38573.5,377104,8117,1493
1194,10,YouTube,22857.16,333535,19495,2760
1195,135,Email,63100.0,196782,24736,2133
1196,38,Affiliate,201381.73,470707,16087,1503
1197,148,Google Ads,115417.34,88623,9531,3547
1198,8,Email,123741.29,250865,22982,150
1199,113,YouTube,10632.04,49782,2125,353
1200,72,Affiliate,214779.77,469140,7709,4821
1201,67,YouTube,126596.21,452855,8938,2291
1202,146,Instagram,25482.86,164258,3838,141
1203,27,Google Ads,49043.77,168794,16841,1917
1204,27,Facebook,117257.9,434340,10984,4684
1205,63,Affiliate,191178.39,66522,20674,3757
1206,83,Affiliate,29858.44,235792,20708,1421
1207,109,SMS,127814.33,426042,8439,1813
1208,123,Affiliate,61608.89,34991,14325,3500
1209,94,SMS,14761.91,439679,5584,4535
1210,12,Google Ads,208758.29,280271,11056,4049
1211,27,SMS,199431.69,96076,17715,406
1212,135,Instagram,169466.59,242975,21652,3305
1213,140,Google Ads,107946.37,168411,9463,3687
1214,77,Email,193249.85,420981,9482,1093
1215,122,Affiliate,191522.38,233541,19518,1209
1216,135,Affiliate,47276.02,155495,2461,764
1217,8,Google Ads,83973.36,363149,12484,2664
1218,10,Affiliate,206516.43,231013,24444,1069
1219,69,YouTube,44829.19,328475,14332,2433
1220,51,Facebook,234189.0,149827,2028,1310
1221,70,SMS,192712.82,432787,17211,4150
1222,116,SMS,231726.36,152735,23105,4887
1223,28,Google Ads,52462.89,421020,15113,363
1224,54,Affiliate,100340.33,239437,17786,1815
1225,139,Instagram,34292.3,73109,13486,2366
1226,41,Google Ads,248113.51,313982,4697,1177
1227,77,Instagram,5835.84,283187,3999,3450
1228,132,SMS,108244.7,66514,5271,3380
1229,115,Affiliate,172969.65,60809,21005,3474
1230,9,Affiliate,122375.24,269523,10340,4455
1231,27,Google Ads,51717.1,443574,14608,1739
1232,42,Instagram,210619.12,32578,4122,2592
1233,13,Affiliate,187912.25,482954,7395,2964
1234,113,Instagram,206120.89,148044,19751,2641
1235,94,Google Ads,200358.75,47221,24018,164
1236,13,Instagram,149306.9,293002,11712,2834
1237,109,Instagram,26193.75,104302,997,931
1238,127,Instagram,30723.2,174085,182,52
1239,140,Affiliate,179973.81,347171,15835,4705
1240,89,Affiliate,215788.18,225547,10969,1901
1241,85,YouTube,200786.11,471469,18879,1579
1242,137,Email,240857.44,274128,5883,920
1243,27,Instagram,62612.91,272670,1811,472
1244,140,YouTube,230042.8,97520,23171,2804
1245,121,Facebook,56751.09,451059,23051,650
1246,147,Facebook,140238.84,158281,10477,3465
1247,85,Google Ads,211156.24,286092,7633,4335
1248,87,SMS,89866.98,386054,20592,4690
1249,26,Affiliate,145762.44,82634,4618,774
1250,96,SMS,7340.79,486116,11982,4116
1251,81,Affiliate,171221.71,429868,3862,1636
1252,148,Email,211954.66,228235,16519,2871
1253,14,Affiliate,206956.74,162929,7607,3850
1254,133,SMS,237508.03,118843,18470,4735
1255,28,Google Ads,212404.45,190857,14887,1684
1256,61,Affiliate,64633.88,291430,21397,4950
1257,73,YouTube,192907.07,370349,19851,2849
1258,80,Affiliate,213532.64,122241,11947,39
1259,129,YouTube,232642.34,433021,5997,1088
1260,43,Google Ads,223188.33,79858,24859,2475
1261,92,Affiliate,123469.48,183496,22041,4287
1262,6,SMS,65470.03,366403,20142,4668
1263,87,Affiliate,205582.42,306116,8158,1420
1264,15,YouTube,79324.18,243261,795,654
1265,60,YouTube,220114.62,464852,11675,4492
1266,21,Email,14772.25,462617,13600,1334
1267,63,Affiliate,70390.7,470237,7137,1057
1268,110,Affiliate,129613.21,98707,13849,2440
1269,78,SMS,59518.13,193703,6734,4118
1270,125,YouTube,146894.64,316834,2445,982
1271,145,Email,43808.52,25706,16958,3039
1272,4,YouTube,164929.17,198110,16311,2582
1273,106,Affiliate,165846.24,53224,12202,2715
1274,142,Instagram,224600.23,34686,772,122
1275,127,Facebook,87120.15,33173,17503,4749
1276,137,Google Ads,151598.33,378028,21063,3344
1277,138,Google Ads,136580.03,277633,11941,2629
1278,60,Facebook,5358.67,67312,122,99
1279,73,YouTube,100728.29,468263,7368,352
1280,128,Instagram,50344.84,400815,9197,2522
1281,79,Facebook,40448.63,438336,2205,462
1282,144,Instagram,231761.89,269317,21070,1239
1283,107,Instagram,240334.38,227649,1897,1166
1284,86,YouTube,47581.37,135253,12472,3881
1285,26,SMS,28150.99,390692,11167,3820
1286,138,Google Ads,136447.91,179126,5004,3759
1287,36,Google Ads,33769.61,448624,5792,3793
1288,121,Google Ads,92433.57,47364,23352,2559
1289,93,SMS,50618.84,10151,15040,3041
1290,99,Affiliate,95397.24,175531,11253,2361
1291,60,Email,54196.78,6093,4276,1392
1292,43,Instagram,37195.45,266885,24102,923
1293,48,SMS,135770.58,358939,14211,915
1294,68,Affiliate,154124.02,334469,15931,2952
1295,53,Affiliate,19513.0,478377,7310,4403
1296,11,Instagram,176556.84,265245,18202,2738
1297,122,Email,123618.52,43724,18157,3825
1298,91,Affiliate,160821.44,59773,23074,3631
1299,106,Google Ads,153948.04,383822,878,31
1300,149,Facebook,82782.0,314308,18174,3849
1301,61,Email,72036.77,488716,2376,1566
1302,123,Instagram,198110.95,281896,23493,2138
1303,50,YouTube,175813.46,269548,14924,4983
1304,137,YouTube,26197.65,27634,23339,2400
1305,52,Affiliate,215742.8,383207,12156,1933
1306,57,Google Ads,17085.3,119192,12575,4319
1307,104,SMS,65045.62,60136,20625,3225
1308,103,Email,51058.8,130978,2165,1584
1309,31,Google Ads,41146.02,87079,17958,802
1310,25,SMS,122299.98,189573,3859,242
1311,69,Email,206441.74,70495,11973,620
1312,113,Facebook,166906.05,251376,1909,584
1313,62,Email,226306.49,64685,14150,2394
1314,39,Email,75537.21,257135,1751,1283
1315,50,SMS,124113.51,448175,3214,1529
1316,94,Instagram,39762.57,300390,11702,1838
1317,92,Google Ads,228463.94,208289,11124,3367
1318,144,Email,235018.09,337146,12038,1940
1319,8,SMS,102253.17,124532,6932,598
1320,1,Email,16300.87,121072,23139,2183
1321,148,Google Ads,57977.41,128990,19686,2796
1322,118,Facebook,152823.27,12921,21479,3718
1323,113,Affiliate,151690.76,129382,22233,563
1324,143,YouTube,30483.08,290985,20745,2230
1325,46,Affiliate,182219.86,431620,6753,2605
1326,126,SMS,76914.93,368628,15677,2154
1327,43,Email,104859.31,356581,20210,3409
1328,68,Instagram,40897.47,43832,2661,1138
1329,83,Instagram,3819.37,167546,21757,354
1330,79,Google Ads,241106.76,114799,22001,677
1331,90,Google Ads,157152.21,147760,17204,3721
1332,117,Email,23985.15,290464,7951,355
1333,117,Email,29603.95,258392,22633,4232
1334,105,YouTube,212801.19,365550,6360,3936
1335,63,Facebook,228664.79,460958,14307,4765
1336,100,SMS,197616.9,296247,19182,1086
1337,1,Instagram,92083.66,321570,16684,3288
1338,120,Email,65334.97,184552,698,46
1339,105,Email,229326.96,264593,11773,896
1340,49,YouTube,64347.06,39931,9308,1742
1341,36,Affiliate,193119.2,84391,24011,3255
1342,53,Google Ads,104278.46,472156,17939,865
1343,69,Email,224198.81,421951,10735,4753
1344,68,Facebook,218282.18,434076,15752,4949
1345,1,Affiliate,118519.92,74684,24031,2735
1346,37,Google Ads,67290.44,432050,20042,94
1347,16,Facebook,158666.07,144961,4483,3027
1348,95,Facebook,67994.71,163269,1205,996
1349,84,Affiliate,241756.03,404768,24711,4369
1350,71,Google Ads,198592.76,249273,15782,2453
1351,11,SMS,220530.61,474015,9166,3938
1352,83,Affiliate,202328.28,70628,19854,4876
1353,29,Facebook,71404.75,272565,7521,2247
1354,111,Instagram,103623.19,471201,15420,2153
1355,94,Affiliate,114316.31,496818,3838,1458
1356,76,Facebook,31606.87,210789,24301,1698
1357,31,Google Ads,4109.65,471241,23474,2905
1358,47,Instagram,184275.24,175949,4329,1775
1359,75,Email,13680.59,237548,24075,2115
1360,89,YouTube,223179.55,324343,21815,442
1361,145,YouTube,59619.19,7418,5454,4589
1362,73,SMS,118494.74,393014,5950,4782
1363,34,YouTube,61188.64,478995,10782,4944
1364,76,Instagram,203148.91,334936,20623,1937
1365,111,Google Ads,8285.71,23070,16610,3698
1366,73,Google Ads,159951.09,333847,1836,1363
1367,99,Google Ads,156750.87,219863,11161,2242
1368,2,SMS,166383.53,308499,15089,2765
1369,40,Instagram,64555.28,434183,15139,4368
1370,120,SMS,91694.16,35498,1672,601
1371,13,Affiliate,172895.17,376515,2940,1805
1372,83,SMS,242080.97,136956,9502,2859
1373,32,Affiliate,138813.48,369011,2172,433
1374,130,YouTube,189362.99,197399,18107,1562
1375,47,YouTube,110431.75,492673,18458,2749
1376,143,Facebook,130843.84,379623,21821,3644
1377,85,Affiliate,173426.09,107830,8804,311
1378,29,YouTube,167139.77,244246,22236,571
1379,59,Affiliate,215898.37,250677,3898,642
1380,30,SMS,10106.99,65480,9321,3186
1381,4,SMS,199404.18,351198,380,302
1382,25,Instagram,98819.23,319058,17809,4518
1383,135,Facebook,148174.01,188591,7148,2925
1384,30,Google Ads,135157.34,386255,6977,4069
1385,70,SMS,63187.45,102279,18707,434
1386,21,Facebook,187391.39,243619,15774,1783
1387,143,Facebook,40730.82,357153,21434,900
1388,102,Google Ads,175068.9,420621,13519,2872
1389,89,Affiliate,165085.26,328103,19452,3514
1390,81,Affiliate,194767.37,185398,4062,2866
1391,139,Instagram,239448.21,338494,14432,2846
1392,140,Email,99624.11,35446,9635,1132
1393,106,Affiliate,204262.01,246483,16218,546
1394,43,Instagram,157337.02,281825,12893,2127
1395,116,Google Ads,46260.96,119209,13291,1764
1396,57,YouTube,148021.17,256981,5550,3447
1397,61,Email,223768.33,246355,2157,1695
1398,141,Email,230387.1,46244,21519,1543
1399,101,Google Ads,83867.34,477456,6614,2383
1400,101,Affiliate,212267.49,381588,9671,1094
1401,134,Google Ads,35531.03,197214,24052,1877
1402,109,Email,211821.56,209543,18337,2584
1403,132,Facebook,233116.64,25459,14805,703
1404,5,Email,83449.16,430447,8342,4845
1405,78,Email,196687.42,291190,13824,851
1406,133,Facebook,49099.26,60229,21135,2267
1407,96,Affiliate,68696.81,436961,21588,3899
1408,102,Affiliate,236931.15,131583,7094,279
1409,23,Facebook,43583.38,496527,21951,3101
1410,53,Google Ads,175221.73,221942,9435,4653
1411,110,Affiliate,231773.52,387071,16090,2631
1412,141,Email,78760.76,445509,8623,2077
1413,48,SMS,230418.69,204489,20899,2756
1414,29,Instagram,79680.87,239228,6701,2597
1415,134,SMS,119557.3,431573,4460,881
1416,96,SMS,209828.4,90644,18115,258
1417,104,Email,23235.73,77751,18617,3651
1418,6,Facebook,118565.65,195931,17031,3219
1419,63,Instagram,3105.83,483339,10528,1290
1420,86,Instagram,220418.04,385488,12063,3634
1421,28,Google Ads,58847.8,434964,14779,4906
1422,112,Facebook,2094.95,224060,11010,316
1423,87,SMS,197978.83,376087,4599,3983
1424,125,Affiliate,110981.99,253045,20693,3395
1425,48,Google Ads,18160.99,42053,19679,317
1426,53,Facebook,54031.37,109789,19688,650
1427,41,Facebook,55625.74,17215,23205,4325
1428,123,SMS,139471.03,156691,18568,3293
1429,27,Affiliate,215311.79,316100,11403,4498
1430,8,Email,17745.84,223520,4606,889
1431,93,Affiliate,93305.4,142069,24017,4857
1432,107,SMS,85451.13,204243,18636,1059
1433,129,Facebook,191805.75,113111,14211,417
1434,107,Affiliate,221944.04,68068,4567,56
1435,60,Email,61545.96,182884,22582,775
1436,59,Email,53292.29,111089,14001,4777
1437,16,Affiliate,146703.2,247054,11579,3216
1438,3,Affiliate,192009.94,21377,9555,3763
1439,50,Instagram,16947.51,351364,13349,4320
1440,34,YouTube,104466.43,152082,24585,3517
1441,58,SMS,167478.97,62152,13564,182
1442,29,Instagram,225139.0,411182,10298,3896
1443,141,Instagram,175099.75,142381,24736,1092
1444,23,Facebook,99449.67,390157,21481,1111
1445,116,SMS,186226.88,70066,18955,2515
1446,88,Facebook,126050.71,456062,20209,2591
1447,44,Email,192934.04,186638,4186,993
1448,128,SMS,95899.07,203408,8201,4851
1449,108,Affiliate,127394.44,140539,8292,2940
1450,38,Email,209053.78,397172,8949,4742
1451,35,Google Ads,215811.4,411947,13227,2797
1452,37,YouTube,34967.02,343946,116,50
1453,117,YouTube,162862.22,255369,19346,340
1454,44,Google Ads,50487.98,61391,19065,2838
1455,61,Facebook,168729.68,425493,18354,498
1456,45,Facebook,165191.19,162806,10399,1671
1457,114,Google Ads,183789.27,84240,9261,3443
1458,121,Instagram,90608.9,404674,5453,2251
1459,136,YouTube,104195.37,130913,20099,1399
1460,28,Affiliate,22075.51,16401,1078,376
1461,137,Affiliate,27975.06,10302,13919,227
1462,109,SMS,238767.9,467036,7510,3310
1463,24,Google Ads,74179.42,396493,20557,3147
1464,72,Email,221291.8,324024,16780,2019
1465,80,SMS,142263.52,373585,23031,2301
1466,28,Instagram,57187.61,395429,20503,513
1467,66,YouTube,220269.24,139133,19550,3611
1468,144,Facebook,124348.13,222688,16234,3178
1469,135,YouTube,65176.15,464299,3502,1058
1470,12,Affiliate,89296.54,440330,19627,1991
1471,35,Facebook,244072.26,442505,10784,1955
1472,117,Facebook,174856.77,163723,5223,915
1473,12,Email,26194.15,409354,14195,4769
1474,149,SMS,217236.18,70648,12720,4546
1475,10,Affiliate,104738.28,274094,18020,2277
1476,29,Instagram,12301.09,420911,6246,3783
1477,125,Google Ads,62828.71,147975,24928,3384
1478,16,YouTube,43053.18,192744,14574,2366
1479,94,SMS,238895.2,152288,7782,2849
1480,86,Google Ads,52506.4,140243,23937,3075
1481,102,Email,141364.21,252238,18669,1117
1482,71,SMS,123011.22,275626,13906,3355
1483,49,YouTube,127708.96,306330,23057,1188
1484,109,Affiliate,184208.47,298305,18894,1969
1485,1,Google Ads,174479.52,204976,2069,938
1486,2,Google Ads,20624.28,231235,14584,450
1487,101,Instagram,26006.45,171734,17598,1672
1488,137,YouTube,124180.21,402415,8625,1014
1489,68,Facebook,131122.79,365195,8997,4952
1490,39,Email,200220.55,43640,21425,1051
1491,67,Google Ads,140643.3,6373,15273,2981
1492,29,SMS,220680.43,384509,12576,4225
1493,4,Email,212340.14,493464,24955,4914
1494,85,Google Ads,81014.86,145679,4477,3332
1495,56,Instagram,49909.9,186708,3540,1948
1496,99,Affiliate,13403.3,178536,7032,4215
1497,41,SMS,10400.54,56540,580,186
1498,133,Email,142805.1,432915,13224,956
1499,134,Email,239547.44,28009,13273,1744
1500,60,SMS,160030.65,446430,1586,1306
1501,98,Affiliate,156218.92,460097,21825,4858
1502,150,SMS,96450.39,44497,842,182
1503,150,Instagram,76116.27,47378,18242,3303
1504,88,Email,187526.86,122630,22198,62
1505,51,YouTube,33460.25,278331,10635,4461
1506,42,Google Ads,224749.39,265228,4716,970
1507,15,Google Ads,204274.85,100357,22534,1170
1508,36,SMS,132459.1,187485,21587,1725
1509,146,YouTube,43319.23,307769,16862,746
1510,18,Facebook,161390.35,486704,22144,667
1511,84,Google Ads,238637.69,408396,13618,3888
1512,65,Google Ads,201710.59,329339,1066,960
1513,67,SMS,16590.49,208508,15387,2373
1514,146,Affiliate,21582.94,485091,10009,4199
1515,72,Facebook,111928.05,486904,11909,564
1516,103,Instagram,120563.98,75986,21557,2544
1517,133,SMS,6636.62,400820,9226,4331
1518,92,SMS,17037.46,74900,7977,1104
1519,84,Facebook,99919.76,326980,21147,2528
1520,4,Instagram,248906.68,355481,21865,834
1521,13,SMS,35795.45,442782,12068,3096
1522,4,Email,72452.56,79145,7622,3036
1523,90,YouTube,108893.95,76407,13470,1315
1524,103,YouTube,38641.46,106838,3310,477
1525,135,Google Ads,211656.4,75426,4088,1841
1526,45,SMS,246056.44,247077,22849,3136
1527,47,Google Ads,57708.29,128666,21107,486
1528,72,Facebook,16918.45,321492,9316,3633
1529,84,Email,202425.02,357405,14336,2907
1530,103,SMS,95634.49,289436,13417,2961
1531,39,Email,151989.89,190009,8480,4380
1532,58,Instagram,116393.02,241960,18731,1062
1533,92,Google Ads,104074.33,223062,3235,1870
1534,121,YouTube,26735.16,345323,6270,992
1535,12,Affiliate,142588.6,318720,23560,2439
1536,148,Affiliate,75809.73,339612,11768,3485
1537,90,Facebook,82624.58,172713,18165,1869
1538,82,SMS,142782.11,261669,21540,1144
1539,50,Email,117930.37,478085,1887,533
1540,101,YouTube,33396.85,495780,19506,474
1541,48,Google Ads,184308.71,105542,2581,342
1542,121,Google Ads,24519.74,262809,9348,3046
1543,29,SMS,149817.96,293988,2575,950
1544,149,Affiliate,219078.59,254982,8864,4770
1545,47,YouTube,223862.72,239239,24590,1613
1546,72,Facebook,153019.31,329964,20581,3056
1547,65,Facebook,203014.4,161227,24710,939
1548,91,Google Ads,16039.44,115342,113,60
1549,83,Email,243366.96,263724,3217,140
1550,70,Email,196309.46,145932,21040,3850
1551,82,Instagram,122174.75,174759,11259,3169
1552,19,Email,61277.25,306850,16080,2687
1553,90,Email,138040.32,56607,17478,2376
1554,77,Instagram,145069.14,84599,344,174
1555,125,Facebook,152725.67,342836,184,106
1556,75,Email,67001.57,193573,7781,238
1557,146,Email,96429.38,381116,22796,472
1558,128,YouTube,228125.83,104192,1649,1192
1559,69,Google Ads,215323.78,497108,5940,3389
1560,18,SMS,66201.92,401570,16896,1395
1561,36,Affiliate,92097.32,308780,863,818
1562,105,SMS,113112.49,448714,10386,2103
1563,89,Email,227910.87,263773,20946,3863
1564,142,Google Ads,91785.01,141108,13705,40
1565,65,Instagram,206630.25,171730,20340,653
1566,47,Instagram,149674.67,164946,10944,967
1567,41,Affiliate,66762.13,294607,18399,1760
1568,23,Google Ads,205963.06,301947,3080,2137
1569,118,Affiliate,37988.87,219863,6083,2694
1570,9,SMS,146374.6,164109,18912,1537
1571,12,YouTube,248234.98,372584,18402,188
1572,39,Email,6936.3,197320,9414,1788
1573,22,Affiliate,208856.37,158963,24416,2783
1574,113,Email,130439.46,197734,21823,606
1575,98,SMS,114412.01,360458,24093,1142
1576,106,Facebook,85413.34,481918,15306,2708
1577,5,SMS,57383.87,30828,6978,1798
1578,39,SMS,172329.67,312035,2224,2011
1579,146,Instagram,246404.35,370850,8673,487
1580,136,Affiliate,2768.14,171679,3657,1548
1581,11,Facebook,108258.69,223731,14296,3488
1582,92,SMS,176318.79,471159,15409,3064
1583,43,Google Ads,129009.01,420818,10068,465
1584,70,Facebook,54328.42,233208,22447,2693
1585,21,YouTube,57647.69,278628,9802,1683
1586,125,Facebook,29759.3,18547,24347,2265
1587,67,Google Ads,136034.09,86417,11454,3024
1588,88,YouTube,109188.71,432039,24354,3378
1589,82,Google Ads,150469.97,160221,24826,1506
1590,102,Affiliate,193831.92,15411,8257,2124
1591,91,YouTube,59928.38,410452,19015,634
1592,147,Facebook,156813.02,105267,17378,948
1593,127,Instagram,98359.11,57732,23159,3582
1594,109,Instagram,152297.83,239488,8442,1711
1595,5,SMS,149696.01,244893,18932,3861
1596,108,SMS,199735.17,292960,7748,1413
1597,37,Facebook,73088.71,279770,1561,28
1598,99,Email,61771.0,420372,6494,79
1599,139,Instagram,133834.15,484846,338,214
1600,53,Affiliate,231396.15,85693,14334,2682
1601,12,SMS,52385.37,430010,3499,1334
1602,37,Email,82063.68,126490,19776,1385
1603,13,Facebook,32193.26,246728,24003,1589
1604,86,Google Ads,196564.77,416879,15641,4057
1605,25,SMS,211121.56,389180,10919,1558
1606,29,Google Ads,117967.12,219998,6902,1171
1607,131,Facebook,113044.16,103743,3877,909
1608,55,Instagram,41435.72,261018,10102,1528
1609,32,YouTube,203098.01,98695,4150,2248
1610,93,SMS,220303.92,366879,12473,4122
1611,4,SMS,43553.38,247450,3547,1486
1612,112,Email,158184.01,286546,16548,890
1613,135,YouTube,61627.64,58002,22970,2065
1614,71,Email,161048.1,221335,15336,1606
1615,28,Google Ads,222607.17,458422,20764,2800
1616,29,Facebook,169003.86,221186,1230,1102
1617,125,Email,28067.51,409231,7605,3527
1618,126,Facebook,125034.47,195151,18500,3679
1619,109,SMS,31800.17,33838,8743,2244
1620,115,Facebook,111469.05,36594,24332,3119
1621,50,Affiliate,41538.83,445981,8812,4006
1622,116,Affiliate,217459.58,140726,13147,880
1623,94,YouTube,241043.66,308310,4170,4008
1624,83,Email,110943.55,289014,11499,2044
1625,34,Email,158075.93,200309,23119,1414
1626,99,Instagram,41187.0,84883,2356,1942
1627,17,Instagram,64973.26,402443,20410,3740
1628,5,YouTube,223552.75,100039,24729,3241
1629,37,Instagram,84406.92,240646,9334,4930
1630,33,Instagram,213245.55,306886,3731,57
1631,67,Affiliate,240950.96,225310,13348,4891
1632,119,Facebook,113562.91,145513,8002,2365
1633,24,Email,85714.51,347680,16185,2987
1634,68,Email,123246.23,393364,17494,1142
1635,78,Email,22617.21,480522,23253,3855
1636,56,SMS,20923.64,295990,538,361
1637,96,Affiliate,130053.48,498242,20546,4391
1638,55,Email,126977.06,358931,11821,3982
1639,69,YouTube,31286.15,243211,5314,4479
1640,105,Google Ads,90855.22,218306,6757,1396
1641,20,Email,87358.2,40897,22534,4698
1642,56,Facebook,165018.65,420388,6860,1106
1643,109,YouTube,8892.02,237026,1628,1282
1644,114,Instagram,28639.44,347960,2275,2085
1645,51,YouTube,84044.66,107717,11848,4369
1646,122,Affiliate,45839.39,484736,11515,3129
1647,144,Instagram,139347.25,223929,9602,2103
1648,27,YouTube,59080.43,15306,10610,3862
1649,89,Google Ads,206294.97,399751,9738,2883
1650,92,Email,100284.1,430754,2842,1804
1651,122,YouTube,114979.34,74834,13304,4578
1652,99,Email,134957.93,288077,17392,2490
1653,104,Affiliate,34402.21,15237,6877,2477
1654,77,Instagram,161832.4,382730,6763,1882
1655,76,Affiliate,7524.18,247121,20098,604
1656,3,Instagram,85276.66,422492,12474,3026
1657,46,SMS,51639.81,463641,17858,1046
1658,114,Affiliate,77567.04,471893,9799,3016
1659,94,Instagram,125194.87,413401,18212,2633
1660,67,Email,114637.98,97763,4024,1292
1661,2,YouTube,128774.54,173737,9555,3397
1662,141,Google Ads,73558.61,371976,5709,4117
1663,138,YouTube,67066.89,145005,12094,3750
1664,99,Facebook,36181.55,31656,2708,152
1665,58,Facebook,173349.43,153279,17018,1219
1666,134,YouTube,142461.94,219212,2966,104
1667,58,Affiliate,64949.54,415425,17637,1270
1668,36,Facebook,109523.91,380796,8567,3829
1669,78,SMS,205223.2,141657,14018,40
1670,67,Affiliate,146090.66,381817,23734,445
1671,121,YouTube,178595.07,203845,17663,3699
1672,25,Affiliate,123200.76,342745,2161,358
1673,138,Instagram,99041.34,15227,18567,4539
1674,138,Google Ads,219347.97,206575,5249,2359
1675,82,Affiliate,233448.22,407740,8021,2204
1676,51,Google Ads,37609.55,252551,14303,4850
1677,26,Facebook,63338.15,155522,9872,798
1678,81,Email,15185.69,198230,17137,3410
1679,92,Google Ads,113494.73,249989,12065,4909
1680,33,Affiliate,14017.98,212300,16018,2975
1681,149,Facebook,167346.85,401859,7611,2688
1682,105,Instagram,39572.29,463900,19669,2268
1683,145,SMS,106678.9,387407,15156,3476
1684,28,Affiliate,178959.04,488034,4043,1750
1685,119,Affiliate,99399.3,94553,9784,3252
1686,28,Email,137117.21,46061,11578,2525
1687,27,Google Ads,203494.73,400658,24232,3985
1688,27,YouTube,176697.13,160948,18039,4898
1689,38,Email,241682.7,355996,15342,3835
1690,70,Google Ads,143551.07,371622,10707,2580
1691,107,SMS,30014.56,433494,4707,3038
1692,125,YouTube,112564.69,490881,2144,56
1693,136,SMS,195244.22,172221,2276,1644
1694,10,Instagram,73133.42,40958,16396,771
1695,112,Facebook,227808.16,269174,6333,1754
1696,52,Facebook,140064.72,322141,21007,3746
1697,9,Facebook,224718.35,357077,24269,1136
1698,149,Facebook,246529.52,443071,5371,3319
1699,72,Affiliate,156344.7,370337,22356,3383
1700,57,Facebook,96799.33,182805,4670,990
1701,45,YouTube,245679.6,452130,5457,1092
1702,41,Facebook,155315.4,473224,16451,1264
1703,55,Email,104482.54,131126,22636,1040
1704,23,Email,50090.16,26448,10169,1281
1705,101,Google Ads,194194.99,246042,12212,2796
1706,43,Affiliate,11172.59,343723,16871,5000
1707,95,YouTube,135345.85,466510,3347,631
1708,80,Affiliate,33310.47,123759,3040,2633
1709,69,Facebook,172308.95,491538,21707,1831
1710,97,Email,228157.12,22846,7565,4173
1711,56,Affiliate,156982.96,129055,14691,2418
1712,72,YouTube,123515.5,284702,13926,3811
1713,40,Email,148772.04,102365,11035,3187
1714,77,Instagram,20762.24,254131,19885,2721
1715,143,YouTube,45501.78,307073,2290,1017
1716,114,Affiliate,184677.45,343629,17072,1898
1717,81,Email,51066.34,109464,9779,2858
1718,91,SMS,89530.24,162338,3125,2535
1719,144,SMS,197495.7,19716,13594,1265
1720,100,Email,88072.02,424180,16208,1007
1721,36,Instagram,118201.55,252023,8958,666
1722,123,Affiliate,171595.72,66591,13919,3366
1723,76,SMS,9658.94,114348,18504,4123
1724,90,Facebook,29724.79,220223,23493,3184
1725,117,SMS,153598.1,175813,3714,2015
1726,98,SMS,136301.69,198164,19564,2339
1727,116,Google Ads,99571.5,203968,13107,1029
1728,87,Email,249383.88,418514,24586,692
1729,88,Instagram,104888.47,189874,12529,3541
1730,11,Google Ads,227209.51,200871,1920,1181
1731,68,SMS,150038.55,12502,1240,226
1732,20,Instagram,227561.96,13058,20906,1111
1733,48,Google Ads,235637.09,270485,1613,719
1734,146,Instagram,197121.23,486291,18356,810
1735,80,Affiliate,103271.85,42566,5776,1637
1736,22,SMS,8001.07,250911,605,241
1737,90,Google Ads,162747.64,311703,23014,3473
1738,14,Affiliate,76705.05,209018,2873,2646
1739,25,Instagram,183305.34,491225,10101,3713
1740,30,Facebook,138144.7,305492,9611,2605
1741,86,Instagram,10326.17,211622,7860,2338
1742,111,Google Ads,239146.8,390448,12916,3425
1743,55,Google Ads,83696.25,40717,15711,2293
1744,56,Email,180124.86,325896,7665,3333
1745,12,Google Ads,70305.62,318669,20730,4202
1746,27,SMS,42996.39,298001,20714,154
1747,17,Facebook,76497.5,445349,15395,4741
1748,73,Email,151352.67,191604,15171,4880
1749,146,YouTube,57252.89,253939,14258,3973
1750,40,SMS,193982.71,324948,2459,1387
1751,26,Google Ads,87078.43,40271,15952,4223
1752,86,Instagram,136079.13,395221,23170,4892
1753,86,Affiliate,127520.73,455534,16274,3491
1754,116,Google Ads,119940.45,269085,22203,265
1755,3,Facebook,200201.7,282729,16827,3248
1756,76,Google Ads,198624.27,55618,24943,1972
1757,125,Google Ads,171093.54,27276,12607,420
1758,118,YouTube,70071.52,491457,19783,3128
1759,111,Google Ads,92717.87,286309,927,774
1760,63,Affiliate,11626.29,393278,11890,2062
1761,10,Affiliate,76784.6,180838,19087,2116
1762,89,Facebook,185486.16,486355,13704,2050
1763,55,Facebook,190448.76,113901,22692,3324
1764,27,Facebook,78593.53,417554,6210,3394
1765,105,SMS,134952.53,188473,18705,505
1766,28,YouTube,124932.24,454082,848,821
1767,62,Facebook,199395.79,489628,9270,3151
1768,20,Google Ads,26320.42,20026,20889,673
1769,50,Affiliate,228911.46,266561,13088,2847
1770,95,SMS,80804.7,221555,6700,436
1771,134,Google Ads,140308.12,187261,6363,4692
1772,68,Instagram,207567.41,105028,10748,3411
1773,33,Affiliate,15584.05,486335,16750,3729
1774,89,Email,57172.92,398445,13943,4772
1775,138,Affiliate,97457.55,466269,9550,2500
1776,50,YouTube,167268.92,436720,6804,1383
1777,145,Google Ads,146304.38,355414,1278,35
1778,79,Google Ads,34425.09,324754,12738,519
1779,82,Google Ads,84089.97,87378,2127,258
1780,85,Google Ads,99117.06,144771,9907,4078
1781,39,SMS,192364.27,397502,2236,577
1782,98,Email,82689.08,60206,11645,3327
1783,78,Google Ads,34531.36,270404,12711,2818
1784,94,Facebook,51446.41,299904,13332,18
1785,72,Affiliate,73280.13,412365,1961,108
1786,45,Instagram,123184.05,27999,11393,1162
1787,8,YouTube,77846.36,434677,17222,1093
1788,116,Affiliate,8224.26,122188,5132,4099
1789,102,SMS,33730.11,147227,14029,91
1790,86,Google Ads,247542.98,101282,5079,4569
1791,59,YouTube,127666.31,90737,3768,2217
1792,37,Google Ads,227867.49,70089,6964,860
1793,109,Instagram,101199.77,274469,3512,1710
1794,7,YouTube,29141.3,200906,438,46
1795,41,Instagram,63185.85,259584,23764,808
1796,68,Affiliate,198729.44,340798,17123,1464
1797,22,Instagram,169852.99,430108,19548,4385
1798,81,Email,93576.87,361063,18839,3985
1799,120,Google Ads,39736.59,216650,21242,2233
1800,104,SMS,144886.32,405639,22424,1472
1801,100,Affiliate,128531.72,153717,24703,861
1802,12,Email,142323.45,391468,6277,1665
1803,72,YouTube,157829.24,411228,23355,4427
1804,104,Affiliate,220086.83,117308,17761,3939
1805,39,SMS,212701.69,38097,20345,4248
1806,7,Affiliate,188040.44,428402,5493,1940
1807,108,Google Ads,222602.84,361548,450,410
1808,30,YouTube,171333.34,316782,24166,4854
1809,10,Instagram,81139.85,219335,12780,1212
1810,49,SMS,59288.47,433201,19113,2129
1811,11,Facebook,65585.0,368273,4833,2787
1812,79,Facebook,116382.73,211800,24175,3481
1813,37,Instagram,207626.74,368548,21991,1817
1814,84,Google Ads,220502.13,96741,24878,3842
1815,110,YouTube,223102.54,362938,10431,280
1816,62,YouTube,167741.1,388801,20800,3942
1817,32,Affiliate,54964.25,451380,14156,2302
1818,21,SMS,121058.16,463359,16995,774
1819,4,Email,225045.98,335124,6604,2860
1820,71,Google Ads,85551.97,197758,7459,3186
1821,116,SMS,75290.77,432550,19705,2363
1822,53,YouTube,204517.35,107422,15642,1635
1823,114,Google Ads,18029.62,10610,11293,2641
1824,140,Affiliate,48246.94,328800,19488,4461
1825,121,Google Ads,152757.66,85321,3801,2425
1826,86,Instagram,107220.81,64828,18445,1288
1827,97,Facebook,112046.35,52190,13460,4204
1828,130,Email,172358.81,349955,21009,967
1829,59,Google Ads,2919.46,266937,10724,4897
1830,132,Affiliate,187690.07,372669,1562,1148
1831,23,Facebook,211395.06,186039,21300,1660
1832,127,Affiliate,84249.31,55424,17838,4024
1833,85,SMS,57881.02,422118,14923,916
1834,82,Instagram,40119.23,223527,8787,2681
1835,90,Facebook,120538.38,17742,3866,3454
1836,4,YouTube,164161.48,433608,4354,3613
1837,39,Google Ads,244125.45,439743,1927,1399
1838,144,Email,74756.93,162166,24784,1361
1839,35,Instagram,84521.98,420300,8155,1555
1840,7,YouTube,213341.38,432390,8366,3591
1841,130,SMS,19555.2,367447,9214,3309
1842,113,Email,4603.38,120167,6093,458
1843,75,SMS,112494.26,244183,23296,1422
1844,20,Google Ads,208374.63,37638,517,321
1845,3,Instagram,147547.39,378900,10815,3321
1846,23,Google Ads,220433.2,126433,23937,2232
1847,85,Facebook,157754.01,435268,4839,4558
1848,50,YouTube,217345.84,359309,2765,152
1849,106,SMS,107208.77,289841,13053,3452
1850,134,Google Ads,94285.77,411602,21937,5000
1851,122,Facebook,67224.33,197668,657,457
1852,57,SMS,238735.51,164155,14978,4733
1853,8,SMS,193422.29,338608,16759,1781
1854,49,YouTube,59492.18,334442,23614,4824
1855,98,YouTube,39776.7,472390,3417,614
1856,113,SMS,224904.77,442671,1926,1105
1857,60,YouTube,170648.85,98261,18781,1872
1858,6,Instagram,117950.78,333163,1154,202
1859,23,Email,71027.07,16220,16936,3541
1860,21,Facebook,165081.76,45672,5495,928
1861,27,SMS,86569.38,370688,17905,3487
1862,99,YouTube,203554.88,52636,9527,3641
1863,36,Email,174141.42,452375,473,454
1864,102,Google Ads,242305.18,195538,8756,945
1865,38,Facebook,179205.51,118445,19206,1203
1866,137,SMS,91445.63,98570,21725,2980
1867,121,Email,242225.72,128759,14566,222
1868,119,YouTube,229845.09,473733,7656,4632
1869,130,SMS,239282.61,487486,1942,1448
1870,68,YouTube,245314.21,199053,22149,4452
1871,149,Google Ads,51213.85,89488,5236,2532
1872,21,Facebook,233868.76,375990,22639,3644
1873,83,Facebook,152798.49,384642,8810,4996
1874,61,YouTube,200925.06,185793,4086,2690
1875,120,Facebook,16364.99,175125,5128,4345
1876,112,Google Ads,208053.49,83435,14053,2063
1877,142,Google Ads,184191.0,477396,12100,1193
1878,36,Facebook,64620.63,251545,18654,4646
1879,126,SMS,204580.15,93565,4777,1461
1880,114,Google Ads,90878.82,374939,5631,4094
1881,73,YouTube,87907.1,412936,20315,4519
1882,105,YouTube,57872.35,183213,19727,4426
1883,36,Facebook,103504.59,497217,17418,148
1884,11,YouTube,231589.11,217680,11116,2087
1885,92,Email,213894.47,265716,10402,926
1886,143,Affiliate,156133.24,150774,5377,3771
1887,60,Google Ads,179750.66,434779,5970,3105
1888,75,Affiliate,188645.1,484498,5292,4692
1889,37,Google Ads,142892.95,348483,20844,1954
1890,39,YouTube,24382.26,8714,23363,3378
1891,77,SMS,22076.73,440827,2324,1457
1892,130,Google Ads,77995.88,50696,12106,713
1893,42,Google Ads,198755.11,227225,24758,410
1894,59,Email,106951.74,456334,12456,766
1895,51,Email,241295.81,353579,14666,1011
1896,18,Email,184978.79,420015,10225,3168
1897,92,SMS,35785.58,44199,18967,1626
1898,37,YouTube,78339.57,259224,19035,57
1899,106,YouTube,118969.59,29087,24902,1107
1900,48,Instagram,165462.08,310390,23342,1044
1901,48,Google Ads,239542.13,27488,7650,1332
1902,144,Google Ads,42337.81,167971,22982,700
1903,62,Instagram,174717.34,174015,298,136
1904,70,Facebook,240703.38,45602,17379,3449
1905,130,YouTube,172834.06,52044,21681,4949
1906,1,Facebook,40530.56,184625,13241,641
1907,92,YouTube,147042.06,38766,12802,2843
1908,149,Email,37074.57,495274,14041,4441
1909,83,Affiliate,11879.77,418880,9448,902
1910,41,Google Ads,109551.47,396380,4987,134
1911,124,Email,157752.39,231114,9989,432
1912,101,SMS,105860.09,86440,8023,1614
1913,47,Facebook,146921.19,417372,24651,2974
1914,143,Instagram,216515.07,141682,13712,1269
1915,137,Facebook,73710.32,337539,6772,4088
1916,80,Affiliate,170128.48,90219,20410,964
1917,130,Facebook,167649.36,465554,16996,1320
1918,79,SMS,76606.52,218188,8251,22
1919,23,Email,95639.61,494697,21417,2620
1920,101,Affiliate,44185.24,148842,24419,3066
1921,75,Instagram,218528.61,199193,14014,3793
1922,9,YouTube,80231.66,322512,6283,1676
1923,13,SMS,190614.32,475336,17109,4260
1924,7,Email,68576.93,114084,3088,1949
1925,46,Affiliate,102265.0,431833,12798,2448
1926,45,SMS,53818.37,311817,21142,4230
1927,143,Google Ads,18944.66,83203,19462,1481
1928,17,YouTube,172450.02,454289,3379,1899
1929,109,Email,83224.06,273442,7260,1338
1930,86,Instagram,231013.54,136288,18103,3051
1931,82,Instagram,66238.36,320652,11688,3312
1932,89,YouTube,89001.87,430469,4600,491
1933,97,YouTube,60708.18,307351,4794,3548
1934,59,Google Ads,86471.57,336187,1418,1261
1935,51,Google Ads,57559.98,379758,4624,2220
1936,74,Facebook,20993.84,467988,19595,2633
1937,49,Facebook,56939.13,497368,20244,3355
1938,60,Email,12773.76,58182,8772,1301
1939,79,Google Ads,177504.74,190390,931,685
1940,127,YouTube,203609.42,276391,16051,1984
1941,118,Email,176409.21,284978,24032,811
1942,20,Email,237876.05,100557,2990,2112
1943,135,SMS,4461.51,320908,14920,4837
1944,8,Facebook,155487.45,169344,22449,2882
1945,33,Affiliate,93755.28,455474,8676,520
1946,132,Google Ads,225639.0,229671,15159,4672
1947,51,Email,89681.66,482713,7530,4702
1948,128,Google Ads,100405.63,301905,22667,1892
1949,95,Facebook,36060.1,141664,24424,369
1950,58,Facebook,7814.26,393964,22566,3914
1951,125,Affiliate,37463.48,466537,17679,4377
1952,50,Email,223612.33,135945,7406,1570
1953,86,YouTube,196807.78,383276,19867,2096
1954,77,Affiliate,176691.58,435216,18320,1252
1955,76,Facebook,196772.76,298506,214,125
1956,5,Facebook,99916.0,424170,23222,1727
1957,86,YouTube,228873.98,115377,12200,1135
1958,111,Facebook,175697.97,334576,22736,3271
1959,109,YouTube,23309.57,190089,4626,318
1960,24,Affiliate,114868.97,419483,22740,1751
1961,111,Email,155399.66,428765,1436,289
1962,93,Google Ads,201001.11,283346,1864,182
1963,99,Email,24377.29,492525,5088,400
1964,23,SMS,198184.21,351405,18697,4199
1965,41,SMS,249446.88,237368,21105,2830
1966,94,Affiliate,95343.77,28368,13326,342
1967,111,Google Ads,95050.55,356143,19252,1607
1968,112,SMS,243444.75,428514,16656,3511
1969,4,SMS,102902.55,388388,11129,2253
1970,5,Instagram,17002.25,106759,5956,1450
1971,48,Facebook,70949.14,34011,7935,1203
1972,131,Google Ads,190257.17,408399,6798,2780
1973,33,SMS,68258.99,235022,4462,808
1974,123,Facebook,114157.13,326132,14327,329
1975,22,Facebook,75432.63,46010,23267,3028
1976,72,Affiliate,23138.31,389230,24056,1023
1977,82,Instagram,108158.83,355930,13450,3719
1978,8,YouTube,70549.08,383963,17153,258
1979,57,Email,152834.99,366602,24423,2281
1980,4,Google Ads,151621.25,336682,2234,2206
1981,59,Instagram,14244.88,236823,24996,2903
1982,104,Google Ads,161544.05,111835,5672,4177
1983,88,Instagram,200138.1,235322,19421,2278
1984,35,YouTube,161455.49,441949,17929,1612
1985,133,Google Ads,9161.04,496479,7275,2261
1986,100,Facebook,77480.1,57417,14323,410
1987,69,Email,146383.15,405772,20066,3228
1988,37,Email,138701.99,365584,18588,911
1989,102,Instagram,92232.5,424396,9655,1544
1990,100,Facebook,42067.06,51485,22320,3801
1991,136,SMS,148345.01,298420,1167,1156
1992,104,YouTube,70546.64,54564,20791,3400
1993,93,Google Ads,222150.32,151285,11530,3293
1994,119,YouTube,216183.78,439863,1354,1294
1995,89,Facebook,101253.29,187708,3068,2134
1996,38,Facebook,81152.53,112288,24519,15
1997,55,Email,108271.51,214925,9476,4498
1998,76,Instagram,129068.05,441942,11523,2130
1999,61,Instagram,1085.06,121301,10244,3699
2000,146,Google Ads,44975.49,39981,1265,171
